County,index,Year,Days with AQI,Good Days,Moderate Days,Unhealthy for Sensitive Groups Days,Unhealthy Days,Very Unhealthy Days,Hazardous Days,Max AQI,90th Percentile AQI,Median AQI,Days CO,Days NO2,Days Ozone,Days SO2,Days PM2.5,Days PM10
Abbeville,822.4,2013.0,220.6,205.6,14.8,0.2,0.0,0.0,0.0,92.4,48.6,36.2,0.0,0.0,220.6,0.0,0.0,0.0
Ada,225.2,2013.0,365.2,285.0,72.0,6.4,1.6,0.2,0.0,166.2,65.0,39.4,4.8,47.0,223.6,0.2,47.0,42.6
Adair,722.0,2013.0,365.0,227.4,130.8,6.4,0.4,0.0,0.0,137.6,71.2,45.6,0.0,1.6,212.6,1.0,147.0,2.8
Adams,551.6923076923077,2012.923076923077,341.1923076923077,271.4230769230769,66.73076923076923,2.8076923076923075,0.23076923076923078,0.0,0.0,106.6923076923077,57.30769230769231,35.15384615384615,0.19230769230769232,21.5,141.15384615384616,3.6538461538461537,169.19230769230768,5.5
Adjuntas,806.8,2013.0,63.4,60.6,2.8,0.0,0.0,0.0,0.0,57.4,33.8,16.4,0.0,0.0,0.0,0.0,63.4,0.0
Aiken,823.4,2013.0,232.8,208.6,24.0,0.2,0.0,0.0,0.0,86.4,54.0,38.6,0.0,0.0,232.8,0.0,0.0,0.0
Alachua,150.4,2013.0,360.8,310.0,49.8,0.6,0.4,0.0,0.0,103.4,52.6,36.2,0.0,0.0,220.4,0.0,140.4,0.0
Alamance,625.0,2013.0,320.0,259.2,60.4,0.4,0.0,0.0,0.0,82.0,54.4,35.6,0.0,0.0,0.0,0.0,320.0,0.0
Alameda,51.8,2013.0,365.2,226.2,130.0,8.8,0.2,0.0,0.0,142.0,72.4,44.8,0.0,20.8,147.0,0.2,197.2,0.0
Alamosa,106.8,2013.0,363.8,339.2,21.6,2.2,0.2,0.4,0.2,227.6,42.2,20.8,0.0,0.0,0.0,0.0,13.4,350.4
Albany,821.8,2013.0,365.0,270.3,92.3,2.4,0.0,0.0,0.0,111.5,62.8,42.3,0.1,0.0,253.2,0.1,71.0,40.6
Albemarle,938.6,2013.0,364.6,305.6,58.4,0.6,0.0,0.0,0.0,90.0,55.8,37.0,0.0,0.0,150.6,0.0,214.0,0.0
Aleutians East ,18.0,2013.0,108.8,108.4,0.4,0.0,0.0,0.0,0.0,42.4,20.2,9.8,0.0,0.0,0.0,0.0,108.8,0.0
Alexander,626.0,2013.0,211.0,175.2,34.8,1.0,0.0,0.0,0.0,103.6,58.4,42.6,0.0,0.0,211.0,0.0,0.0,0.0
Alexandria City,939.6,2013.0,360.6,319.8,35.2,4.2,1.4,0.0,0.0,124.2,55.0,29.8,19.4,210.2,104.8,0.8,12.8,12.6
Allegan,432.2,2013.0,241.0,171.8,56.4,9.6,3.2,0.0,0.0,165.2,85.4,42.0,0.0,0.0,173.8,0.0,67.2,0.0
Allegheny,769.4,2013.0,365.2,145.2,186.2,30.8,3.0,0.0,0.0,178.4,95.0,55.4,0.0,3.6,113.6,32.0,215.4,0.6
Allen,474.1,2013.0,362.5,245.9,109.8,6.5,0.3,0.0,0.0,132.7,69.5,42.0,3.2,0.0,151.1,2.1,206.0,0.1
Alpine,52.8,2013.0,28.8,18.6,5.4,2.8,1.6,0.4,0.0,132.8,97.2,48.0,0.0,0.0,0.0,0.0,28.8,0.0
Amador,53.8,2013.0,362.8,277.6,76.6,8.4,0.2,0.0,0.0,131.2,74.4,39.8,0.0,0.0,362.8,0.0,0.0,0.0
Anchorage ,19.0,2013.0,363.4,298.8,63.8,0.4,0.4,0.0,0.0,113.4,59.6,28.0,11.8,0.0,59.4,0.0,186.8,105.4
Anderson,837.6,2013.0,254.0,219.3,32.4,2.1,0.2,0.0,0.0,108.9,58.1,38.1,0.0,0.0,223.0,31.0,0.0,0.0
Andrew,492.0,2013.0,218.4,172.6,40.2,5.4,0.2,0.0,0.0,120.0,68.6,41.8,0.0,0.0,218.4,0.0,0.0,0.0
Androscoggin,393.0,2013.0,358.8,303.0,55.8,0.0,0.0,0.0,0.0,94.4,55.6,35.2,0.0,0.0,140.8,0.0,216.2,1.8
Anne Arundel,404.4,2013.0,262.4,185.0,68.8,6.6,2.0,0.0,0.0,147.0,75.6,43.8,0.0,0.0,194.2,0.0,65.8,2.4
Anoka,460.2,2013.0,365.0,283.4,79.2,2.2,0.2,0.0,0.0,128.4,60.6,40.2,0.0,14.8,225.4,0.0,122.2,2.6
Apache,26.0,2013.0,360.2,358.8,1.4,0.0,0.0,0.0,0.0,52.8,24.6,13.6,0.0,0.0,0.0,0.0,45.0,315.2
Arapahoe,107.8,2013.0,363.8,230.8,119.4,12.6,1.0,0.0,0.0,147.8,79.0,46.2,0.0,0.0,351.6,0.0,12.2,0.0
Archuleta,108.8,2013.0,333.8,328.2,5.0,0.4,0.2,0.0,0.0,94.2,31.2,17.4,0.0,0.0,0.0,0.0,0.0,333.8
Arkansas,39.0,2013.0,115.4,85.0,30.4,0.0,0.0,0.0,0.0,80.4,59.8,37.8,0.0,0.0,0.0,0.0,115.4,0.0
Arlington,940.6,2013.0,364.2,289.2,65.2,8.2,1.6,0.0,0.0,150.8,68.8,37.6,4.4,125.6,183.2,0.0,51.0,0.0
Armstrong,770.4,2013.0,363.0,225.2,131.6,5.8,0.4,0.0,0.0,136.4,69.0,45.4,0.0,0.0,166.0,0.0,197.0,0.0
Aroostook,394.0,2013.0,365.2,316.8,48.2,0.2,0.0,0.0,0.0,89.4,51.4,34.4,0.0,0.0,228.0,0.4,124.2,12.6
Ascension,371.0,2013.0,362.6,321.4,36.8,3.8,0.6,0.0,0.0,134.8,55.2,34.4,0.0,18.4,344.2,0.0,0.0,0.0
Ashland,1019.4,2013.0,352.8,340.2,12.4,0.2,0.0,0.0,0.0,84.8,44.8,32.6,0.0,0.0,339.8,0.0,13.0,0.0
Ashley,40.0,2013.0,117.4,88.2,29.2,0.0,0.0,0.0,0.0,80.4,58.0,36.2,0.0,0.0,0.0,0.0,117.4,0.0
Ashtabula,682.4,2013.0,363.6,315.2,43.6,4.2,0.6,0.0,0.0,140.6,61.8,30.8,0.0,0.0,210.4,153.2,0.0,0.0
Asotin,976.0,2013.0,321.0,264.2,54.2,1.6,1.0,0.0,0.0,113.4,57.2,26.6,0.0,0.0,0.0,0.0,321.0,0.0
Athens,683.4,2013.0,114.4,93.6,20.0,0.8,0.0,0.0,0.0,76.4,56.0,31.4,0.0,18.8,33.6,10.0,52.0,0.0
Atlantic,560.6,2013.0,361.8,303.6,54.2,3.2,0.8,0.0,0.0,146.6,57.8,38.0,0.0,0.0,291.2,2.2,68.4,0.0
Avery,627.0,2013.0,361.0,317.8,42.6,0.6,0.0,0.0,0.0,100.0,53.0,41.0,0.0,0.0,347.2,0.0,13.8,0.0
BAJA CALIFORNIA NORTE,144.6,2013.0,240.0,146.8,59.4,22.4,7.8,1.8,1.8,332.8,126.6,50.0,29.2,41.6,102.0,0.0,0.0,67.2
Baker,448.0,2013.0,362.3,328.4,32.7,1.0,0.2,0.0,0.0,99.3,50.3,29.2,0.0,0.0,181.0,0.0,181.3,0.0
Baldwin,0.0,2013.0,276.6,225.4,48.4,2.8,0.0,0.0,0.0,113.2,60.2,38.4,0.0,0.0,202.6,0.0,74.0,0.0
Baltimore,405.4,2013.0,364.4,261.8,88.4,12.6,1.4,0.2,0.0,158.4,76.6,41.2,0.0,64.4,240.4,1.4,58.2,0.0
Baltimore (City),406.4,2013.0,365.2,213.6,146.4,4.8,0.4,0.0,0.0,130.2,71.0,46.6,0.0,26.8,101.4,0.0,237.0,0.0
Bannock,226.2,2013.0,365.2,281.6,79.0,3.2,1.4,0.0,0.0,168.4,63.0,35.6,0.0,0.0,0.0,134.8,163.4,67.0
Barnstable,419.8,2013.0,305.6,283.4,18.6,3.4,0.2,0.0,0.0,120.6,48.4,35.2,0.0,0.0,274.4,0.0,31.2,0.0
Barron,1026.0,2012.0,42.333333333333336,41.0,1.3333333333333333,0.0,0.0,0.0,0.0,41.0,30.333333333333332,15.666666666666666,0.0,0.0,0.0,0.0,0.0,42.333333333333336
Bartholomew,265.0,2014.0,314.6666666666667,227.0,86.66666666666667,1.0,0.0,0.0,0.0,105.33333333333333,66.0,39.333333333333336,0.0,42.666666666666664,126.33333333333333,22.333333333333332,123.33333333333333,0.0
Bay,292.8,2013.0,288.4,236.0,51.9,0.5,0.0,0.0,0.0,93.7,57.1,34.2,0.0,0.0,106.9,0.0,181.5,0.0
Bayamon,807.8,2013.0,315.4,308.2,5.8,0.6,0.8,0.0,0.0,103.6,26.2,11.8,128.8,0.0,49.0,81.2,56.4,0.0
Beaufort,628.0,2013.0,354.6,354.2,0.4,0.0,0.0,0.0,0.0,55.2,13.8,2.0,0.0,0.0,0.0,354.6,0.0,0.0
Beaver,771.4,2013.0,365.2,197.2,153.8,13.0,1.2,0.0,0.0,150.4,78.2,48.6,0.0,3.4,168.4,18.2,175.2,0.0
Becker,461.2,2013.0,351.2,311.0,39.6,0.6,0.0,0.0,0.0,102.4,51.4,34.0,0.0,0.0,168.0,0.0,183.2,0.0
Belknap,553.6,2013.0,212.0,200.2,11.8,0.0,0.0,0.0,0.0,90.8,47.2,33.0,0.0,0.0,177.2,0.0,34.8,0.0
Bell,608.4,2013.0,312.9,253.5,55.8,3.5,0.1,0.0,0.0,113.0,63.1,40.5,0.0,0.0,296.1,0.0,16.8,0.0
Belmont,684.4,2013.0,363.4,355.6,7.6,0.2,0.0,0.0,0.0,80.8,29.4,7.6,0.0,23.8,0.0,328.2,11.0,0.4
Beltrami,461.5,2014.5,225.0,215.0,9.0,1.0,0.0,0.0,0.0,97.5,41.5,17.0,0.0,0.0,0.0,0.0,225.0,0.0
Benewah,227.2,2013.0,361.4,274.8,79.0,6.4,1.2,0.0,0.0,136.0,64.0,32.2,0.0,0.0,0.0,0.0,361.4,0.0
Bennington,932.6,2013.0,363.8,317.4,45.8,0.6,0.0,0.0,0.0,107.2,52.2,36.4,0.0,0.0,263.0,0.0,100.8,0.0
Benton,861.3,2013.0,359.9,319.9,38.1,1.5,0.2,0.0,0.2,185.9,50.7,19.7,0.0,0.0,8.3,0.0,312.2,39.4
Benzie,434.2,2013.0,180.4,147.2,26.6,6.6,0.0,0.0,0.0,125.2,71.2,40.0,0.0,0.0,180.4,0.0,0.0,0.0
Bergen,561.6,2013.0,307.4,229.8,68.4,8.6,0.6,0.0,0.0,138.4,66.0,38.6,0.6,38.2,179.4,0.0,89.2,0.0
Berkeley,914.8,2013.0,241.0,202.5,38.2,0.3,0.0,0.0,0.0,95.5,56.5,38.5,0.0,0.0,204.9,0.0,36.1,0.0
Berks,772.4,2013.0,365.2,199.0,156.2,10.0,0.0,0.0,0.0,135.4,78.4,48.2,0.2,2.0,162.2,0.0,200.8,0.0
Berkshire,420.8,2013.0,359.8,246.0,110.8,2.8,0.2,0.0,0.0,114.6,66.6,42.0,0.0,0.0,90.4,0.0,269.4,0.0
Bernalillo,576.6,2013.0,365.2,150.2,202.2,11.8,0.6,0.4,0.0,188.4,84.8,54.4,0.0,3.4,226.2,0.2,92.6,42.8
Berrien,435.2,2013.0,241.8,171.0,59.6,9.8,1.2,0.2,0.0,154.0,82.0,42.6,0.0,0.0,173.2,0.0,68.6,0.0
Bexar,875.8,2013.0,365.2,214.4,135.8,12.8,2.2,0.0,0.0,152.2,78.6,47.0,0.0,4.8,202.6,0.2,157.2,0.4
Bibb,189.2,2013.0,365.0,224.2,136.6,4.0,0.2,0.0,0.0,120.4,68.2,46.0,0.0,0.0,100.8,1.4,262.8,0.0
Big Horn,1050.4,2013.0,342.6,318.4,24.2,0.0,0.0,0.0,0.0,76.8,49.0,38.8,0.0,0.0,326.0,0.0,14.4,2.2
Billings,671.2,2013.0,364.8,345.4,18.6,0.6,0.2,0.0,0.0,83.8,48.0,35.8,0.0,0.0,334.8,10.4,19.6,0.0
Black Hawk,310.0,2013.0,362.4,216.8,144.4,1.2,0.0,0.0,0.0,110.0,64.6,44.6,0.0,0.0,0.0,0.0,359.8,2.6
Blaine,226.0,2015.0,202.0,197.0,3.0,2.0,0.0,0.0,0.0,138.0,25.0,10.0,0.0,0.0,0.0,0.0,202.0,0.0
Blair,773.4,2013.0,365.0,218.6,140.4,5.4,0.6,0.0,0.0,130.2,69.8,45.4,0.0,0.0,143.0,7.2,214.2,0.6
Blount,851.8,2013.0,364.6,272.4,83.8,8.2,0.2,0.0,0.0,117.4,70.0,43.0,0.6,0.0,340.8,0.2,23.0,0.0
Boise,227.0,2015.0,275.0,227.0,43.0,5.0,0.0,0.0,0.0,128.0,58.0,29.0,0.0,0.0,0.0,0.0,275.0,0.0
Bolivar,481.2,2013.0,280.0,214.8,62.4,2.8,0.0,0.0,0.0,107.8,58.4,41.0,0.0,0.0,194.4,0.0,85.6,0.0
Bonner,228.6,2013.0,331.0,320.4,8.2,1.8,0.6,0.0,0.0,74.6,27.4,12.0,0.0,0.0,0.0,0.0,47.6,283.4
Bonneville,229.0,2015.0,104.0,98.0,6.0,0.0,0.0,0.0,0.0,58.0,38.0,18.0,0.0,0.0,0.0,0.0,104.0,0.0
Boone,368.1333333333333,2013.0,215.53333333333333,175.93333333333334,36.13333333333333,3.3333333333333335,0.13333333333333333,0.0,0.0,114.86666666666666,64.86666666666666,41.53333333333333,0.0,0.0,215.53333333333333,0.0,0.0,0.0
Bossier,372.0,2013.0,364.8,258.0,99.4,6.6,0.8,0.0,0.0,134.0,67.6,42.0,0.0,0.0,208.8,0.4,154.6,1.0
Boulder,109.8,2013.0,361.8,235.2,110.8,14.8,1.0,0.0,0.0,143.6,82.2,45.8,0.4,0.0,335.0,0.0,24.6,1.8
Bowie,876.8,2013.0,82.4,58.6,23.8,0.0,0.0,0.0,0.0,79.6,61.0,40.4,0.0,0.0,0.0,0.0,82.4,0.0
Box Elder,917.8,2013.0,365.2,242.6,111.6,9.6,1.4,0.0,0.0,142.2,77.0,45.6,0.0,0.0,300.0,0.0,65.2,0.0
Boyd,344.0,2013.0,364.6,279.0,82.4,3.2,0.0,0.0,0.0,122.8,61.6,40.0,0.0,28.0,161.8,2.8,164.8,7.2
Bradford,768.0,2014.0,345.3333333333333,340.3333333333333,5.0,0.0,0.0,0.0,0.0,63.666666666666664,43.0,31.0,0.0,2.6666666666666665,342.6666666666667,0.0,0.0,0.0
Bradley,862.5,2011.5,300.0,294.5,5.5,0.0,0.0,0.0,0.0,63.5,27.0,13.0,0.0,207.5,0.0,42.5,0.0,50.0
Brazoria,877.8,2013.0,365.2,305.2,44.2,11.6,3.8,0.4,0.0,189.2,70.6,33.8,0.0,8.0,357.2,0.0,0.0,0.0
Bremer,311.0,2013.0,212.4,188.2,23.8,0.4,0.0,0.0,0.0,89.2,54.0,38.8,0.0,0.0,212.4,0.0,0.0,0.0
Brevard,153.4,2013.0,365.2,311.6,52.6,1.0,0.0,0.0,0.0,99.4,54.0,38.8,0.0,0.0,270.0,0.0,95.0,0.2
Brewster,878.8,2013.0,361.4,284.0,75.0,2.2,0.2,0.0,0.0,101.8,63.2,42.6,0.0,0.0,316.4,0.0,45.0,0.0
Bristol,421.8,2013.0,364.4,280.0,78.2,5.8,0.4,0.0,0.0,135.6,60.6,39.8,0.0,0.0,202.2,14.8,147.4,0.0
Bristol City,941.6,2013.0,117.4,96.4,21.0,0.0,0.0,0.0,0.0,68.6,54.2,34.2,0.0,0.0,0.0,0.0,117.4,0.0
Bronx,595.2,2013.0,365.2,219.4,137.8,7.8,0.2,0.0,0.0,136.4,69.6,46.0,0.0,63.2,125.8,0.2,176.0,0.0
Brooke,1005.2,2013.0,365.2,282.8,74.0,7.2,1.2,0.0,0.0,141.4,64.8,27.4,0.8,0.0,0.0,202.8,105.0,56.6
Brookings,841.6,2013.0,363.6,317.2,45.4,1.0,0.0,0.0,0.0,109.2,54.6,36.8,0.0,0.0,291.4,0.0,49.8,22.4
Broward,154.4,2013.0,365.2,308.6,55.2,1.4,0.0,0.0,0.0,119.2,54.8,36.8,0.0,12.4,205.6,0.2,147.0,0.0
Brown,783.9230769230769,2013.076923076923,214.30769230769232,160.15384615384616,50.92307692307692,3.1538461538461537,0.07692307692307693,0.0,0.0,103.92307692307692,58.69230769230769,34.53846153846154,0.0,0.0,74.0,14.461538461538462,121.61538461538461,4.230769230769231
Bryan,713.5,2013.5,235.0,203.0,30.0,2.0,0.0,0.0,0.0,126.0,61.0,37.0,0.0,0.0,235.0,0.0,0.0,0.0
Buchanan,494.0,2013.0,339.2,217.6,121.0,0.6,0.0,0.0,0.0,100.2,63.0,42.0,0.0,0.0,0.0,0.0,323.2,16.0
Bucks,775.0,2013.0,364.0,205.2,143.6,14.2,1.0,0.0,0.0,156.2,80.6,47.0,0.2,4.0,166.0,0.0,193.8,0.0
Bullitt,345.0,2013.0,243.6,196.6,44.2,2.4,0.4,0.0,0.0,132.6,61.2,40.4,0.0,0.0,231.0,0.0,12.6,0.0
Buncombe,629.0,2013.0,364.4,296.6,67.4,0.4,0.0,0.0,0.0,105.4,56.8,38.2,0.0,0.0,145.2,0.0,219.2,0.0
Burke,672.2,2013.0,364.0,327.2,34.8,1.2,0.8,0.0,0.0,107.6,50.0,35.4,0.0,0.6,262.2,5.6,92.2,3.4
Burleigh,673.2,2013.0,365.0,333.0,30.6,1.2,0.2,0.0,0.0,99.4,49.2,35.0,0.0,14.0,260.4,2.8,83.0,4.8
Butler,685.4,2013.0,353.2,226.4,111.8,14.0,1.0,0.0,0.0,143.2,82.4,44.0,0.0,0.0,258.6,15.4,75.2,4.0
Butte,142.3,2013.0,361.6,237.0,115.1,8.1,1.4,0.0,0.0,139.7,71.3,47.4,0.0,0.0,285.5,0.0,76.0,0.1
CHIHUAHUA STATE,146.0,2012.5,326.25,264.0,51.5,7.25,1.5,1.25,0.75,234.25,66.5,37.25,50.5,0.0,233.75,0.0,0.0,42.0
Cabell,1006.2,2013.0,340.4,278.8,58.6,2.8,0.2,0.0,0.0,114.2,61.0,35.6,0.0,0.0,174.2,85.6,80.6,0.0
Cache,918.8,2013.0,365.2,245.2,104.4,11.2,4.4,0.0,0.0,151.4,76.0,45.0,0.0,24.8,202.6,0.0,137.2,0.6
Caddo,548.2,2013.0,341.5,278.2,57.5,5.5,0.3,0.0,0.0,117.4,62.5,36.8,0.0,0.0,303.3,0.0,38.1,0.1
Calaveras,55.8,2013.0,364.0,243.6,110.0,9.4,0.6,0.2,0.2,170.6,79.8,44.8,0.0,0.0,261.8,0.0,102.0,0.2
Calcasieu,374.0,2013.0,365.2,248.6,111.6,4.8,0.2,0.0,0.0,134.6,67.4,43.0,0.0,1.4,184.6,11.0,168.2,0.0
Caldwell,630.0,2013.0,242.2,212.8,29.2,0.2,0.0,0.0,0.0,103.8,54.8,39.2,0.0,0.0,212.0,30.2,0.0,0.0
Callaway,495.0,2013.0,220.0,182.0,35.8,2.2,0.0,0.0,0.0,101.4,59.4,41.8,0.0,0.0,220.0,0.0,0.0,0.0
Calvert,407.4,2013.0,210.0,153.2,49.8,6.0,0.8,0.2,0.0,135.6,75.4,43.8,0.0,0.0,210.0,0.0,0.0,0.0
Cambria,776.0,2013.0,364.4,206.8,154.0,3.4,0.2,0.0,0.0,123.0,71.4,47.0,0.0,6.6,115.8,13.8,225.6,2.6
Camden,562.6,2013.0,363.8,232.2,118.2,11.4,2.0,0.0,0.0,150.0,77.8,45.0,0.0,21.0,196.6,0.0,140.4,5.8
Cameron,879.8,2013.0,365.0,253.8,110.6,0.6,0.0,0.0,0.0,98.2,65.8,42.6,0.0,0.0,141.6,0.0,221.6,1.8
Campbell,698.7,2013.0,364.8,221.8,133.5,8.9,0.5,0.1,0.0,145.2,73.5,46.8,0.0,12.8,167.0,11.8,104.0,69.2
Canadian,724.4,2013.0,355.2,282.2,64.4,8.6,0.0,0.0,0.0,114.8,70.2,38.8,0.0,12.6,342.6,0.0,0.0,0.0
Canyon,230.8,2013.0,349.6,317.8,28.2,2.4,1.2,0.0,0.0,157.0,47.0,19.8,0.0,0.0,0.0,0.0,91.4,258.2
Carbon,986.1,2013.0,348.0,265.1,78.8,3.3,0.8,0.0,0.0,133.9,63.6,43.9,0.0,12.1,323.8,10.3,0.7,1.1
Caribou,231.8,2013.0,357.2,353.6,3.0,0.6,0.0,0.0,0.0,83.6,21.2,4.0,0.0,0.0,0.0,357.2,0.0,0.0
Carlton,462.6,2013.0,227.6,218.8,8.4,0.4,0.0,0.0,0.0,90.4,44.8,32.2,0.0,0.0,212.0,0.0,15.6,0.0
Caroline,942.6,2013.0,194.6,166.6,25.0,3.0,0.0,0.0,0.0,106.8,58.4,40.4,0.0,0.2,194.4,0.0,0.0,0.0
Carroll,540.6,2013.0,149.46666666666667,118.66666666666667,28.466666666666665,2.2,0.13333333333333333,0.0,0.0,87.86666666666666,53.06666666666667,32.06666666666667,0.0,0.0,129.66666666666666,0.0,0.0,19.8
Carson City,544.0,2013.0,281.4,200.8,75.2,3.2,2.0,0.2,0.0,147.0,72.6,45.2,0.0,0.0,207.8,0.0,73.6,0.0
Carter,489.875,2012.625,267.125,197.625,61.875,7.125,0.5,0.0,0.0,120.0,64.5,41.0,0.0,0.0,177.25,0.0,89.125,0.75
Carteret,631.0,2013.0,301.6,281.2,20.4,0.0,0.0,0.0,0.0,85.6,47.2,36.4,0.0,0.0,301.6,0.0,0.0,0.0
Cascade,514.2,2013.0,344.2,294.6,46.8,1.4,1.4,0.0,0.0,120.8,53.8,29.2,2.6,0.0,0.0,0.0,341.6,0.0
Cass,528.7272727272727,2012.8636363636363,281.77272727272725,219.04545454545453,59.27272727272727,3.227272727272727,0.13636363636363635,0.09090909090909091,0.0,108.77272727272727,62.63636363636363,35.68181818181818,0.0,1.8181818181818181,117.36363636363636,0.0,80.54545454545455,82.04545454545455
Cassia,239.0,2011.0,193.0,165.0,28.0,0.0,0.0,0.0,0.0,74.0,51.0,45.0,0.0,0.0,193.0,0.0,0.0,0.0
Caswell,632.0,2013.0,359.0,252.4,105.0,1.6,0.0,0.0,0.0,112.2,61.6,42.2,0.0,0.0,126.8,0.0,232.2,0.0
Catano,808.8,2013.0,364.0,340.4,22.4,0.8,0.4,0.0,0.0,111.6,42.2,22.2,0.0,40.0,93.4,22.6,0.0,208.0
Catawba,633.0,2013.0,355.6,269.6,86.0,0.0,0.0,0.0,0.0,82.4,57.0,37.8,0.0,0.0,0.0,0.0,355.6,0.0
Catron,577.6,2013.0,105.8,104.0,1.8,0.0,0.0,0.0,0.0,63.2,23.0,10.8,0.0,0.0,0.0,0.0,105.8,0.0
Cecil,409.4,2013.0,355.8,233.2,112.4,7.8,2.4,0.0,0.0,165.8,74.0,43.8,0.0,0.0,157.8,0.0,198.0,0.0
Cedar,497.0,2013.0,350.6,241.8,102.8,5.8,0.2,0.0,0.0,115.0,67.4,42.4,0.0,0.0,155.2,0.0,195.4,0.0
Centre,777.0,2013.0,365.2,247.8,113.0,4.2,0.2,0.0,0.0,121.4,67.2,43.8,0.0,2.6,201.2,0.6,160.8,0.0
Cerro Gordo,312.0,2013.0,350.6,344.2,6.4,0.0,0.0,0.0,0.0,59.6,34.0,17.6,0.0,0.0,0.0,0.0,0.0,350.6
Chaffee,110.8,2013.0,123.4,68.6,52.2,2.6,0.0,0.0,0.0,110.8,80.4,50.4,0.0,0.0,123.4,0.0,0.0,0.0
Champaign,241.8,2013.0,349.8,276.6,70.0,3.0,0.2,0.0,0.0,116.6,64.4,39.4,0.4,0.0,280.0,1.0,68.4,0.0
Charles,677.5,2013.0,281.3,236.7,39.6,4.1,0.9,0.0,0.0,147.0,63.8,38.8,0.0,51.3,190.0,10.3,29.7,0.0
Charleston,826.4,2013.0,365.2,278.8,85.2,1.0,0.2,0.0,0.0,113.0,58.4,39.8,0.0,7.4,106.4,0.4,250.6,0.4
Charlton,190.2,2013.0,116.6,108.6,8.0,0.0,0.0,0.0,0.0,73.8,45.4,26.4,0.0,0.0,0.0,0.0,116.6,0.0
Chase,329.4,2013.0,118.6,106.6,11.8,0.0,0.2,0.0,0.0,97.4,51.6,24.6,0.0,0.0,0.0,0.0,118.6,0.0
Chatham,412.6,2013.0,330.5,254.2,72.8,3.1,0.4,0.0,0.0,119.1,59.1,38.8,0.0,0.0,137.4,61.6,131.5,0.0
Chattooga,192.2,2013.0,240.2,210.4,28.8,1.0,0.0,0.0,0.0,94.8,53.2,37.4,0.0,0.0,232.4,0.0,0.0,7.8
Chautauqua,596.2,2013.0,363.4,306.2,51.0,5.6,0.6,0.0,0.0,142.6,61.4,38.0,0.0,0.0,332.6,6.0,24.8,0.0
Chaves,578.6,2013.0,113.4,106.2,7.0,0.2,0.0,0.0,0.0,83.8,43.8,22.4,0.0,0.0,0.0,0.0,112.2,1.2
Chelan,978.0,2013.0,363.6,272.8,82.2,5.0,3.2,0.2,0.2,179.8,67.2,26.6,0.0,0.0,0.0,0.0,363.6,0.0
Chemung,603.0,2011.5,358.0,323.5,32.0,2.5,0.0,0.0,0.0,110.0,49.5,34.0,0.0,0.0,349.5,8.5,0.0,0.0
Cherokee,776.7,2013.0,266.3,212.7,48.6,4.9,0.1,0.0,0.0,112.8,66.0,41.4,0.0,0.0,266.3,0.0,0.0,0.0
Cheshire,554.6,2013.0,365.2,273.8,89.2,2.0,0.2,0.0,0.0,124.6,65.4,38.6,0.0,0.0,220.0,0.0,145.2,0.0
Chester,778.0,2013.0,358.6,205.2,145.6,6.6,1.2,0.0,0.0,144.0,75.6,46.8,0.0,0.0,173.4,0.0,185.2,0.0
Chesterfield,887.0,2013.0,287.9,227.5,58.9,1.4,0.1,0.0,0.0,104.3,58.0,40.4,0.0,0.0,170.5,0.0,117.0,0.4
Chippewa,658.75,2012.625,206.5,183.5,21.875,1.125,0.0,0.0,0.0,79.25,42.5,24.625,0.0,0.0,87.75,0.0,95.625,23.125
Chittenden,933.6,2013.0,365.2,312.2,52.4,0.6,0.0,0.0,0.0,104.2,54.4,37.2,0.4,5.2,266.6,0.0,93.0,0.0
Christian,348.0,2013.0,310.8,235.2,72.6,3.0,0.0,0.0,0.0,101.6,64.2,42.0,0.0,0.0,209.2,33.0,68.6,0.0
Churchill,545.0,2013.0,219.6,185.6,33.6,0.4,0.0,0.0,0.0,89.6,54.4,40.2,0.0,0.0,219.6,0.0,0.0,0.0
Citrus,155.4,2013.0,214.2,193.0,16.4,4.8,0.0,0.0,0.0,102.2,50.2,22.6,0.0,0.0,0.0,100.8,113.4,0.0
Clackamas,746.6,2013.0,220.4,201.6,17.0,1.2,0.6,0.0,0.0,126.8,49.6,30.8,0.0,0.0,130.8,0.0,89.6,0.0
Claiborne,853.2,2013.0,338.6,312.0,26.2,0.4,0.0,0.0,0.0,95.2,49.2,36.4,0.0,0.0,338.6,0.0,0.0,0.0
Clallam,979.0,2013.0,364.8,317.4,47.2,0.2,0.0,0.0,0.0,83.6,53.2,37.6,0.0,0.0,224.8,0.0,140.0,0.0
Clark,461.1666666666667,2013.0,324.53333333333336,212.63333333333333,101.33333333333333,9.533333333333333,1.0333333333333334,0.0,0.0,130.46666666666667,70.06666666666666,43.233333333333334,0.0,1.1,191.13333333333333,0.3333333333333333,130.76666666666668,1.2
Clarke,193.2,2013.0,362.0,254.2,103.8,3.8,0.2,0.0,0.0,111.8,64.6,42.2,0.0,0.0,130.0,0.0,232.0,0.0
Clay,249.5,2013.0,240.3,172.3,61.1,6.0,0.9,0.0,0.0,110.4,65.6,39.1,0.0,0.0,90.5,0.0,149.8,0.0
Clayton,194.2,2013.0,115.4,77.6,37.8,0.0,0.0,0.0,0.0,82.2,60.8,43.2,0.0,0.0,0.0,0.0,115.4,0.0
Clear Creek,111.8,2013.0,182.8,83.4,79.6,18.4,1.4,0.0,0.0,162.4,101.2,67.8,0.0,0.0,182.8,0.0,0.0,0.0
Clearfield,779.0,2013.0,315.8,278.6,34.8,2.2,0.2,0.0,0.0,119.4,54.4,36.0,0.0,0.0,315.8,0.0,0.0,0.0
Clermont,687.4,2013.0,357.0,209.6,138.6,7.2,1.4,0.2,0.0,148.6,74.2,46.8,0.0,0.0,122.2,0.0,234.8,0.0
Cleveland,727.0,2013.0,361.2,221.6,130.6,8.6,0.4,0.0,0.0,121.4,75.4,46.6,0.0,0.0,216.2,0.0,145.0,0.0
Clinton,484.65,2013.0,244.85,156.25,82.1,5.85,0.65,0.0,0.0,128.4,73.75,45.35,0.0,0.0,172.85,0.6,71.4,0.0
Cobb,195.2,2013.0,339.6,223.4,110.0,6.0,0.2,0.0,0.0,126.6,67.6,44.2,0.0,0.0,121.0,0.0,218.6,0.0
Cochise,27.0,2013.0,361.4,229.8,125.2,6.4,0.0,0.0,0.0,123.0,74.4,46.8,0.0,0.0,304.8,0.0,16.4,40.2
Coconino,28.0,2013.0,363.4,247.8,108.2,7.4,0.0,0.0,0.0,122.2,73.2,45.4,0.0,0.0,351.2,0.0,9.2,3.0
Codington,843.6,2013.0,359.0,301.0,57.6,0.4,0.0,0.0,0.0,99.6,52.6,28.8,0.0,0.0,0.0,0.0,227.0,132.0
Coffee,196.2,2013.0,59.8,49.6,10.2,0.0,0.0,0.0,0.0,67.4,54.8,34.0,0.0,0.0,0.0,0.0,59.8,0.0
Colbert,2.0,2013.0,282.2,238.0,42.8,1.4,0.0,0.0,0.0,95.4,55.4,38.6,0.0,0.0,201.8,0.0,80.4,0.0
Colleton,829.4,2013.0,328.6,277.6,50.2,0.4,0.4,0.0,0.0,110.4,53.8,36.6,0.0,0.0,161.0,0.0,167.6,0.0
Collier,156.4,2013.0,364.6,317.4,46.8,0.4,0.0,0.0,0.0,83.8,53.0,35.6,0.0,0.0,203.4,0.0,161.2,0.0
Collin,880.8,2013.0,360.2,278.6,63.6,16.0,2.0,0.0,0.0,151.8,79.6,39.2,0.0,0.0,360.2,0.0,0.0,0.0
Columbia,621.16,2013.0,302.68,267.28,34.08,1.2,0.12,0.0,0.0,96.76,52.16,32.56,0.0,0.0,160.04,0.0,142.64,0.0
Columbiana,689.4,2013.0,361.8,361.0,0.8,0.0,0.0,0.0,0.0,56.8,21.0,6.0,0.0,0.0,0.0,305.2,0.0,56.6
Colusa,56.8,2013.0,365.0,234.6,127.0,2.2,1.0,0.2,0.0,144.6,66.0,44.6,0.0,0.0,158.2,0.0,204.0,2.8
Comanche,728.0,2013.0,364.4,242.0,116.0,6.2,0.2,0.0,0.0,123.0,72.6,44.8,0.0,0.0,246.0,0.0,118.4,0.0
Contra Costa,57.8,2013.0,365.2,256.8,103.0,5.2,0.2,0.0,0.0,136.0,67.4,42.6,0.0,11.4,211.6,0.6,141.6,0.0
Converse,1053.4,2013.0,363.0,306.0,55.2,1.4,0.4,0.0,0.0,114.8,54.6,35.2,0.0,1.6,176.8,0.0,25.4,159.2
Cook,353.9,2013.0,333.1,205.9,116.7,8.8,1.7,0.0,0.0,122.4,64.1,38.4,0.0,25.0,42.0,8.4,248.8,8.9
Coos,629.0,2012.625,289.25,239.75,47.5,2.0,0.0,0.0,0.0,102.25,50.0,34.0,0.0,0.0,223.75,0.0,65.5,0.0
Cotton,735.0,2012.6666666666667,260.3333333333333,188.0,62.0,9.666666666666666,0.6666666666666666,0.0,0.0,131.66666666666666,78.33333333333333,43.333333333333336,0.0,0.0,260.3333333333333,0.0,0.0,0.0
Coweta,198.2,2013.0,363.2,283.6,77.0,2.6,0.0,0.0,0.0,102.8,58.8,38.6,0.0,0.0,113.0,0.0,250.2,0.0
Cowlitz,982.0,2013.0,352.8,328.6,24.0,0.2,0.0,0.0,0.0,84.6,45.0,19.2,0.0,0.0,0.0,0.0,352.8,0.0
Creek,729.6,2013.0,352.8,289.8,53.8,8.6,0.6,0.0,0.0,126.2,66.8,39.6,0.0,0.0,352.8,0.0,0.0,0.0
Crittenden,42.0,2013.0,365.2,290.4,68.4,5.4,1.0,0.0,0.0,123.0,64.8,39.2,0.0,29.2,280.4,0.0,55.6,0.0
Crook,840.2857142857143,2012.5714285714287,298.85714285714283,224.71428571428572,66.85714285714286,5.857142857142857,1.4285714285714286,0.0,0.0,135.0,70.85714285714286,32.142857142857146,0.0,0.0,40.57142857142857,0.0,258.2857142857143,0.0
Crow Wing,465.0,2013.0,361.0,321.0,39.2,0.8,0.0,0.0,0.0,101.2,51.6,33.2,0.0,0.0,188.8,0.0,172.2,0.0
Culberson,881.8,2013.0,110.0,105.6,3.4,1.0,0.0,0.0,0.0,101.2,39.0,19.4,0.0,0.0,0.0,0.0,110.0,0.0
Culpeper,957.0,2011.5,57.0,57.0,0.0,0.0,0.0,0.0,0.0,30.0,19.5,13.0,0.0,0.0,0.0,0.0,0.0,57.0
Cumberland,593.4,2013.0,353.1,262.85,86.8,3.25,0.2,0.0,0.0,122.6,62.3,40.6,0.0,4.6,172.5,0.55,174.8,0.65
Custer,556.2727272727273,2013.1818181818182,227.0,208.27272727272728,17.727272727272727,0.8181818181818182,0.18181818181818182,0.0,0.0,91.9090909090909,41.36363636363637,22.90909090909091,0.0,0.0,158.63636363636363,0.0,56.09090909090909,12.272727272727273
Cuyahoga,690.4,2013.0,365.2,144.8,197.2,20.2,3.0,0.0,0.0,156.6,87.6,55.6,6.6,12.2,88.0,51.6,185.6,21.2
Daggett,921.5,2012.5,159.5,105.5,54.0,0.0,0.0,0.0,0.0,87.5,64.25,46.75,0.0,0.0,159.5,0.0,0.0,0.0
Dakota,466.0,2013.0,365.2,304.8,60.0,0.4,0.0,0.0,0.0,103.0,55.4,30.0,0.2,84.0,0.0,3.8,277.2,0.0
Dallas,882.8,2013.0,365.2,194.6,152.8,15.0,2.8,0.0,0.0,157.2,84.0,49.2,0.0,24.2,160.6,0.0,178.0,2.4
Dane,1023.6,2013.0,361.8,248.6,110.4,2.4,0.4,0.0,0.0,114.2,67.8,42.0,0.0,0.0,148.4,3.6,209.2,0.6
Darlington,830.4,2013.0,240.4,204.4,34.8,1.2,0.0,0.0,0.0,108.6,58.2,40.0,0.0,0.0,240.4,0.0,0.0,0.0
Dauphin,781.0,2013.0,365.0,195.6,160.6,8.8,0.0,0.0,0.0,133.0,76.6,48.4,0.0,2.0,145.4,0.0,216.0,1.6
Davidson,745.1,2013.0,359.6,228.1,128.7,2.6,0.2,0.0,0.0,103.6,64.4,44.7,0.0,10.4,54.9,0.1,294.2,0.0
Davie,636.5,2012.5,214.0,162.0,48.75,3.0,0.25,0.0,0.0,124.5,66.5,43.75,0.0,0.0,214.0,0.0,0.0,0.0
Daviess,310.4,2013.0,353.9,279.3,64.7,9.2,0.7,0.0,0.0,138.9,59.9,25.0,0.0,8.7,75.8,177.9,91.5,0.0
Davis,921.6,2013.0,363.4,290.4,66.4,6.4,0.2,0.0,0.0,132.8,63.8,40.4,0.0,108.4,210.2,2.0,41.4,1.4
Dawson,366.6,2013.0,149.8,134.8,14.7,0.3,0.0,0.0,0.0,85.1,49.9,29.7,0.0,0.0,119.8,0.0,0.0,30.0
DeKalb,352.8,2013.0,351.8,260.53333333333336,87.86666666666666,3.0,0.4,0.0,0.0,118.86666666666666,60.0,42.266666666666666,0.0,6.066666666666666,238.53333333333333,0.0,107.2,0.0
DeSoto,482.2,2013.0,359.2,264.6,90.6,3.8,0.2,0.0,0.0,118.2,63.8,41.8,0.0,0.0,129.4,0.0,229.8,0.0
Del Norte,58.8,2013.0,118.8,115.8,3.0,0.0,0.0,0.0,0.0,59.0,30.2,12.6,0.0,0.0,0.0,0.0,96.0,22.8
Delaware,515.05,2013.0,234.45,159.5,70.2,4.6,0.15,0.0,0.0,116.1,65.75,41.0,0.0,2.4,128.65,0.0,101.9,1.5
Delta,112.8,2013.0,119.0,118.0,1.0,0.0,0.0,0.0,0.0,57.2,31.4,19.2,0.0,0.0,0.0,0.0,0.0,119.0
Denali ,20.0,2013.0,358.6,354.6,4.0,0.0,0.0,0.0,0.0,68.2,43.8,32.6,0.0,0.0,353.2,0.0,5.4,0.0
Denton,883.8,2013.0,365.2,229.8,106.4,24.2,4.8,0.0,0.0,171.0,91.6,44.6,0.0,5.8,272.8,0.0,86.6,0.0
Denver,113.8,2013.0,365.2,183.6,172.8,8.0,0.8,0.0,0.0,151.6,77.8,50.6,0.0,131.2,151.4,4.2,67.6,10.8
Deschutes,750.2,2013.0,365.2,316.6,42.8,2.0,2.8,0.2,0.8,214.8,55.0,33.2,0.0,0.0,126.8,0.0,238.4,0.0
Dewey,730.8,2013.0,360.4,251.6,102.2,6.6,0.0,0.0,0.0,118.4,70.6,43.4,0.0,0.0,274.8,0.0,85.6,0.0
District of Columbia,149.4,2013.0,365.2,181.4,173.0,9.4,1.4,0.0,0.0,143.0,76.8,50.4,0.0,24.8,144.4,0.2,195.8,0.0
Dodge,1024.6,2013.0,365.2,266.6,93.2,5.0,0.2,0.2,0.0,143.4,65.6,41.4,0.0,0.0,234.6,0.2,129.6,0.8
Dona Ana,579.6,2013.0,365.2,158.0,177.8,21.6,3.4,1.2,3.2,698.2,93.4,54.0,0.0,6.4,226.8,0.0,30.0,102.0
Door,1025.6,2013.0,192.2,161.0,24.6,5.4,1.2,0.0,0.0,147.2,71.0,37.6,0.0,0.0,192.2,0.0,0.0,0.0
Dorchester,411.4,2013.0,355.6,275.0,72.4,7.2,0.8,0.2,0.0,133.4,68.0,40.8,1.0,0.0,288.6,0.0,66.0,0.0
Dougherty,201.2,2013.0,361.8,216.8,142.0,3.0,0.0,0.0,0.0,118.2,66.2,44.4,0.0,0.0,0.0,0.0,361.6,0.2
Douglas,430.04,2013.0,321.68,239.84,74.32,6.52,0.76,0.24,0.0,129.12,65.88,35.4,17.0,0.0,145.08,4.84,140.36,14.4
DuPage,244.8,2013.0,305.0,211.2,91.0,2.8,0.0,0.0,0.0,117.2,64.2,42.2,0.0,0.0,155.4,0.0,149.6,0.0
Dubois,273.8,2013.0,121.2,77.6,43.4,0.2,0.0,0.0,0.0,87.2,64.2,43.0,0.0,0.0,0.0,0.0,120.2,1.0
Duchesne,922.6,2013.0,365.2,231.0,118.0,9.6,4.8,1.8,0.0,165.4,79.4,47.4,0.0,0.6,334.8,0.0,29.6,0.2
Dukes,422.8,2013.0,294.6,266.0,23.6,4.2,0.6,0.2,0.0,144.6,52.6,35.8,0.0,0.0,256.4,0.0,38.2,0.0
Dunn,675.2,2013.0,349.0,321.0,25.6,2.2,0.2,0.0,0.0,93.6,49.4,34.8,0.0,0.8,286.6,0.8,42.8,18.0
Duplin,637.8,2013.0,282.0,218.0,63.8,0.2,0.0,0.0,0.0,87.2,56.0,36.2,0.0,0.0,0.0,0.0,281.6,0.4
Durham,638.8,2013.0,364.0,280.2,81.8,1.8,0.2,0.0,0.0,107.4,60.8,39.8,0.0,0.0,145.0,0.4,218.4,0.2
Dutchess,597.6,2013.0,357.4,333.2,21.8,2.2,0.2,0.0,0.0,127.6,47.0,33.0,0.0,0.0,349.0,8.4,0.0,0.0
Duval,158.4,2013.0,365.2,292.8,68.4,3.2,0.8,0.0,0.0,136.4,59.6,39.6,0.0,3.6,228.2,6.4,125.2,1.8
Dyer,849.3333333333334,2014.0,106.33333333333333,86.33333333333333,20.0,0.0,0.0,0.0,0.0,70.66666666666667,56.0,33.666666666666664,0.0,0.0,0.0,0.0,106.33333333333333,0.0
East Baton Rouge,375.0,2013.0,364.6,207.8,145.4,9.4,2.0,0.0,0.0,154.0,75.8,47.6,0.0,9.4,148.8,1.8,202.6,2.0
Eau Claire,1026.6,2013.0,319.4,269.6,49.2,0.6,0.0,0.0,0.0,103.0,55.2,37.0,0.0,0.0,198.6,0.0,120.8,0.0
Ector,884.8,2013.0,365.2,305.2,59.0,1.0,0.0,0.0,0.0,96.2,55.4,33.6,0.0,0.0,0.0,0.0,365.2,0.0
Eddy,580.6,2013.0,357.8,248.6,104.6,4.4,0.2,0.0,0.0,121.6,73.2,43.6,0.0,1.8,336.8,0.0,19.2,0.0
Edgecombe,639.8,2013.0,331.8,269.8,59.6,2.2,0.2,0.0,0.0,109.0,58.8,38.0,0.0,0.0,137.6,0.0,194.2,0.0
Edgefield,831.4,2013.0,312.4,260.2,51.8,0.4,0.0,0.0,0.0,87.0,55.0,36.6,0.0,0.0,141.4,0.0,171.0,0.0
Edmonson,350.0,2013.0,362.2,300.2,58.2,3.6,0.2,0.0,0.0,110.8,60.6,39.2,0.2,0.0,332.6,1.2,28.2,0.0
Effingham,245.8,2013.0,206.2,171.0,33.2,1.8,0.2,0.0,0.0,109.0,62.6,41.6,0.0,0.0,206.2,0.0,0.0,0.0
El Dorado,59.8,2013.0,363.2,226.0,100.0,33.8,3.4,0.0,0.0,164.6,99.6,44.2,0.0,0.0,357.0,0.0,2.8,3.4
El Paso,500.8,2013.0,365.2,194.3,159.0,10.7,0.9,0.1,0.2,191.2,82.0,50.4,0.1,13.0,254.5,8.0,83.3,6.3
Elbert,122.0,2011.0,15.0,15.0,0.0,0.0,0.0,0.0,0.0,32.0,29.0,10.0,0.0,0.0,0.0,0.0,15.0,0.0
Elk,783.0,2013.0,328.4,297.2,29.4,1.6,0.2,0.0,0.0,117.8,50.8,35.8,0.0,0.0,328.4,0.0,0.0,0.0
Elkhart,274.8,2013.0,356.4,194.4,155.2,6.6,0.0,0.2,0.0,145.8,72.8,48.0,0.0,0.0,84.2,0.0,272.2,0.0
Elko,548.0,2013.0,352.4,328.6,23.6,0.2,0.0,0.0,0.0,95.4,45.4,24.2,0.0,0.0,49.8,0.0,16.8,285.8
Ellis,809.3,2013.0,237.5,178.3,55.5,3.4,0.2,0.1,0.0,110.9,57.2,33.1,0.0,3.2,105.7,0.1,128.5,0.0
Elmore,4.0,2013.0,241.8,216.0,25.2,0.6,0.0,0.0,0.0,98.2,52.4,38.2,0.0,0.0,241.8,0.0,0.0,0.0
Erie,691.3,2013.0,364.5,236.2,123.2,4.7,0.4,0.0,0.0,124.5,67.5,44.1,0.0,10.1,163.6,0.6,190.1,0.1
Escambia,159.4,2013.0,365.2,271.8,87.8,5.6,0.0,0.0,0.0,114.2,63.8,41.8,0.0,0.0,213.6,1.6,150.0,0.0
Essex,529.3333333333334,2013.0,364.93333333333334,291.8666666666667,68.2,4.466666666666667,0.4,0.0,0.0,125.13333333333334,60.86666666666667,40.6,0.0,51.4,239.13333333333333,0.06666666666666667,74.33333333333333,0.0
Etowah,5.0,2013.0,295.8,229.2,65.2,0.8,0.6,0.0,0.0,108.6,57.4,40.4,0.0,0.0,180.4,0.0,115.4,0.0
Fairbanks North Star ,21.0,2013.0,365.0,198.4,111.2,25.4,28.8,1.2,0.0,204.2,130.4,45.6,0.2,3.8,85.2,2.4,255.8,17.6
Fairfax,947.0,2013.0,363.6,270.0,85.0,7.2,1.2,0.2,0.0,145.8,68.0,40.8,0.0,0.0,165.2,0.2,198.2,0.0
Fairfield,136.6,2013.0,365.2,226.2,115.4,17.2,6.4,0.0,0.0,179.0,87.6,45.0,7.0,27.4,152.4,2.4,175.8,0.2
Fajardo,809.8,2013.0,322.6,307.8,14.8,0.0,0.0,0.0,0.0,61.4,38.8,19.8,0.0,0.0,0.0,0.0,17.8,304.8
Faulkner,43.0,2011.5,88.0,61.0,27.0,0.0,0.0,0.0,0.0,76.5,60.0,41.5,0.0,0.0,0.0,0.0,88.0,0.0
Fauquier,948.0,2013.0,208.6,194.4,14.2,0.0,0.0,0.0,0.0,79.0,48.6,36.0,0.0,0.0,208.6,0.0,0.0,0.0
Fayette,643.7333333333333,2013.0,349.06666666666666,279.53333333333336,65.8,3.6,0.13333333333333333,0.0,0.0,113.26666666666667,60.0,36.2,0.0,8.733333333333333,154.66666666666666,0.26666666666666666,185.13333333333333,0.26666666666666666
Fergus,515.2,2013.0,285.2,275.4,7.8,1.2,0.8,0.0,0.0,92.4,37.6,28.4,0.0,0.2,222.8,0.0,61.6,0.6
Flagler,160.4,2013.0,314.8,298.4,16.0,0.4,0.0,0.0,0.0,90.6,46.0,34.4,0.0,0.0,314.8,0.0,0.0,0.0
Flathead,516.2,2013.0,365.2,282.0,79.6,1.8,1.8,0.0,0.0,125.6,62.4,40.0,0.0,0.0,197.0,0.0,137.4,30.8
Florence,832.4,2013.0,166.6,116.0,50.6,0.0,0.0,0.0,0.0,79.4,59.2,40.8,0.0,0.0,0.0,0.0,166.6,0.0
Floyd,239.5,2013.0,364.8,179.2,179.5,5.5,0.6,0.0,0.0,130.9,72.2,49.9,0.0,0.0,59.2,11.4,294.2,0.0
Fond du Lac,1027.6,2013.0,196.4,164.8,26.8,4.6,0.2,0.0,0.0,124.8,62.8,40.2,0.0,0.0,196.4,0.0,0.0,0.0
Ford,330.4,2013.0,355.2,351.8,3.4,0.0,0.0,0.0,0.0,68.8,25.0,10.4,0.0,0.0,0.0,0.0,0.0,355.2
Forest,1028.6,2013.0,363.6,328.6,33.6,1.4,0.0,0.0,0.0,105.6,50.2,35.4,0.0,1.4,307.0,1.4,53.8,0.0
Forrest,483.2,2013.0,331.2,238.2,92.8,0.2,0.0,0.0,0.0,83.4,57.8,40.6,0.0,0.0,0.0,0.0,331.2,0.0
Forsyth,640.8,2013.0,365.2,242.6,116.6,5.6,0.4,0.0,0.0,129.8,72.0,44.8,0.0,13.8,161.6,0.0,189.8,0.0
Fountain,276.8,2013.0,350.4,348.8,1.6,0.0,0.0,0.0,0.0,68.2,15.8,4.4,0.0,0.0,0.0,350.4,0.0,0.0
Franklin,622.8571428571429,2013.142857142857,307.1142857142857,257.0285714285714,46.31428571428572,3.057142857142857,0.6857142857142857,0.02857142857142857,0.0,111.68571428571428,54.02857142857143,30.857142857142858,0.0,18.942857142857143,128.6,15.657142857142857,143.74285714285713,0.17142857142857143
Frederick,680.7,2013.0,283.2,210.6,69.6,2.9,0.1,0.0,0.0,115.3,66.8,42.3,0.0,0.0,175.3,0.0,107.9,0.0
Fredericksburg City,950.0,2013.0,57.6,57.6,0.0,0.0,0.0,0.0,0.0,28.4,19.2,12.4,0.0,0.0,0.0,0.0,0.0,57.6
Fremont,585.9,2013.0,211.8,157.5,53.5,0.8,0.0,0.0,0.0,83.4,46.4,30.2,0.0,0.2,169.3,0.0,11.4,30.9
Fresno,60.8,2013.0,365.2,66.4,174.4,91.6,32.4,0.4,0.0,201.6,146.8,81.6,0.0,0.4,217.4,0.0,144.6,2.8
Fulton,204.2,2013.0,365.0,216.6,136.0,10.4,2.0,0.0,0.0,169.6,73.2,46.6,0.6,9.0,125.8,2.4,226.8,0.4
Gallatin,517.2,2013.0,365.2,312.6,50.0,2.4,0.2,0.0,0.0,115.2,54.4,26.2,2.2,15.0,0.0,0.0,348.0,0.0
Galveston,888.8,2013.0,365.2,283.0,73.6,7.6,0.8,0.2,0.0,155.6,65.8,39.6,0.0,2.4,233.4,2.8,124.8,1.8
Garden,536.0,2013.0,118.2,116.8,1.4,0.0,0.0,0.0,0.0,61.4,27.2,12.6,0.0,0.0,0.0,0.0,118.2,0.0
Garfield,520.8,2013.0,339.6,247.2,82.3,10.1,0.0,0.0,0.0,108.6,65.1,42.9,0.0,1.7,324.5,0.0,13.1,0.3
Garland,43.4,2013.0,121.0,89.4,31.6,0.0,0.0,0.0,0.0,76.0,59.4,38.6,0.0,0.0,0.0,0.0,121.0,0.0
Garrett,413.4,2013.0,361.8,277.4,80.8,3.4,0.2,0.0,0.0,116.4,62.6,42.2,0.4,0.0,271.4,1.0,89.0,0.0
Gaston,642.8,2013.0,281.0,222.0,59.0,0.0,0.0,0.0,0.0,74.2,53.8,35.4,0.0,0.0,0.0,0.0,280.4,0.6
Geauga,694.4,2013.0,213.8,164.6,43.0,5.8,0.4,0.0,0.0,138.2,72.6,42.4,0.0,0.0,213.8,0.0,0.0,0.0
Genesee,439.2,2013.0,284.0,209.2,67.6,6.6,0.6,0.0,0.0,132.6,69.4,41.2,0.0,0.0,155.0,0.0,129.0,0.0
Georgetown,833.4,2013.0,336.2,331.6,4.6,0.0,0.0,0.0,0.0,57.4,31.0,16.8,0.0,0.0,0.0,0.0,0.0,336.2
Gibson,277.8,2013.0,362.2,330.2,29.2,2.8,0.0,0.0,0.0,110.6,41.8,9.0,0.0,0.0,0.0,341.0,21.2,0.0
Gila,29.0,2013.0,365.2,78.8,160.4,106.0,19.8,0.2,0.0,209.0,130.0,81.2,0.0,0.0,82.4,241.4,1.2,40.2
Giles,951.0,2013.0,330.4,288.6,41.2,0.6,0.0,0.0,0.0,96.6,54.8,40.2,0.0,0.0,330.4,0.0,0.0,0.0
Gillespie,909.0,2011.0,183.0,134.0,45.0,4.0,0.0,0.0,0.0,115.0,74.0,44.0,0.0,0.0,183.0,0.0,0.0,0.0
Gilmer,1007.2,2013.0,334.4,322.2,12.0,0.2,0.0,0.0,0.0,90.6,45.4,32.4,0.0,0.0,334.4,0.0,0.0,0.0
Glenn,61.8,2013.0,364.4,264.0,99.4,1.0,0.0,0.0,0.0,102.0,63.8,43.2,0.0,0.0,240.2,0.0,116.4,7.8
Gloucester,565.6,2013.0,283.2,214.4,58.8,7.8,2.2,0.0,0.0,147.8,73.2,41.4,0.0,0.0,224.8,0.0,58.4,0.0
Glynn,205.2,2013.0,343.0,311.2,31.6,0.2,0.0,0.0,0.0,85.2,50.0,33.4,0.0,0.0,188.2,38.2,113.0,3.6
Goodhue,467.0,2013.0,210.4,190.8,19.2,0.4,0.0,0.0,0.0,94.6,51.2,38.4,0.0,0.0,210.4,0.0,0.0,0.0
Goshen,1044.5,2014.5,153.0,144.0,8.0,1.0,0.0,0.0,0.0,102.0,42.0,21.5,0.0,0.0,5.0,0.0,148.0,0.0
Grafton,556.6,2013.0,365.2,318.0,47.0,0.2,0.0,0.0,0.0,92.8,52.6,35.6,0.0,0.0,258.4,0.0,106.8,0.0
Graham,643.8,2013.0,208.2,150.0,56.0,2.2,0.0,0.0,0.0,108.6,68.8,45.0,0.0,0.0,208.2,0.0,0.0,0.0
Grand,117.0,2015.0,64.0,59.0,5.0,0.0,0.0,0.0,0.0,58.0,48.0,38.0,0.0,0.0,64.0,0.0,0.0,0.0
Grant,836.85,2013.0,335.85,280.55,53.95,1.0,0.35,0.0,0.0,102.8,53.15,29.95,0.0,0.0,66.9,10.45,257.95,0.55
Granville,644.8,2013.0,213.8,164.8,47.2,1.4,0.4,0.0,0.0,118.0,67.4,43.2,0.0,0.0,213.8,0.0,0.0,0.0
Grays Harbor,985.0,2013.0,360.4,337.6,22.8,0.0,0.0,0.0,0.0,68.6,41.8,19.8,0.0,0.0,0.0,0.0,360.4,0.0
Greenbrier,1008.2,2013.0,209.4,178.0,31.0,0.4,0.0,0.0,0.0,99.6,56.6,42.0,0.0,0.0,209.4,0.0,0.0,0.0
Greene,565.1,2013.0,316.55,225.0,85.6,5.75,0.2,0.0,0.0,123.5,68.05,42.95,0.0,0.0,191.25,11.45,112.6,1.25
Greenup,352.2,2013.0,364.8,328.2,33.6,2.6,0.4,0.0,0.0,119.2,53.0,33.0,0.0,0.0,240.0,124.8,0.0,0.0
Greenville,834.4,2013.0,365.2,243.8,119.8,1.6,0.0,0.0,0.0,111.8,65.0,44.2,0.8,28.4,161.4,0.2,168.4,6.0
Gregg,890.0,2013.0,360.8,299.6,53.6,7.2,0.4,0.0,0.0,138.8,64.8,36.0,0.0,4.6,342.8,13.4,0.0,0.0
Grenada,492.0,2013.0,111.0,95.5,15.5,0.0,0.0,0.0,0.0,70.0,49.5,30.5,0.0,0.0,0.0,0.0,111.0,0.0
Guayama,810.8,2013.0,201.4,194.2,7.2,0.0,0.0,0.0,0.0,68.6,35.8,12.0,0.0,0.0,0.0,86.8,40.2,74.4
Guayanilla,811.8,2013.0,68.2,65.0,3.2,0.0,0.0,0.0,0.0,53.2,35.0,17.0,0.0,0.0,0.0,0.0,68.2,0.0
Guaynabo,812.8,2013.0,335.6,302.6,32.8,0.0,0.0,0.2,0.0,112.6,49.0,26.0,14.4,11.4,0.0,0.0,41.4,268.4
Guilford,645.8,2013.0,359.8,262.4,93.2,4.0,0.2,0.0,0.0,122.2,65.0,42.8,0.0,0.0,166.4,0.0,193.2,0.2
Gunnison,119.2,2013.0,364.6,286.2,76.4,2.0,0.0,0.0,0.0,109.0,59.8,43.8,0.0,0.0,317.2,0.0,0.0,47.4
Gwinnett,206.2,2013.0,364.4,246.0,112.2,5.6,0.6,0.0,0.0,139.2,65.8,43.2,0.0,0.0,146.2,0.0,218.2,0.0
Hall,372.1,2013.0,219.0,144.5,74.5,0.0,0.0,0.0,0.0,82.1,57.5,36.7,0.0,0.0,0.0,0.0,219.0,0.0
Hamilton,473.8,2013.0,304.7,218.33333333333334,79.8,5.933333333333334,0.6333333333333333,0.0,0.0,121.16666666666667,66.83333333333333,41.9,0.03333333333333333,2.8333333333333335,171.86666666666667,15.1,114.83333333333333,0.03333333333333333
Hampden,425.2,2013.0,365.2,258.6,100.0,6.2,0.4,0.0,0.0,138.6,68.0,41.0,0.0,16.2,191.4,0.6,157.0,0.0
Hampshire,426.2,2013.0,364.4,304.2,56.2,4.0,0.0,0.0,0.0,122.0,55.6,37.6,0.0,2.2,263.4,1.0,97.6,0.2
Hampton City,952.0,2013.0,362.4,291.0,67.6,3.6,0.2,0.0,0.0,125.2,60.2,37.8,0.4,16.0,179.8,11.6,154.6,0.0
Hancock,512.8076923076923,2012.923076923077,270.84615384615387,228.57692307692307,39.11538461538461,3.0384615384615383,0.11538461538461539,0.0,0.0,112.96153846153847,58.26923076923077,37.5,0.07692307692307693,0.0,224.53846153846155,20.846153846153847,21.576923076923077,3.8076923076923075
Hanover,953.0,2013.0,204.8,169.0,32.6,2.8,0.4,0.0,0.0,121.8,64.0,41.6,0.0,0.0,204.8,0.0,0.0,0.0
Hardin,354.2,2013.0,343.2,240.0,101.4,1.4,0.4,0.0,0.0,111.0,65.8,43.4,0.0,0.0,138.0,0.0,205.2,0.0
Harford,414.4,2013.0,346.4,213.2,120.2,9.4,2.8,0.8,0.0,166.4,77.6,45.6,0.0,0.0,170.4,0.0,176.0,0.0
Harney,753.2,2013.0,364.2,270.8,89.0,4.0,0.4,0.0,0.0,139.4,68.2,28.8,0.0,0.0,0.0,0.0,364.2,0.0
Harris,891.0,2013.0,365.2,148.8,187.0,22.8,6.0,0.6,0.0,191.6,92.8,53.6,0.0,20.8,110.8,3.8,215.4,14.4
Harrison,675.7,2013.0,262.35,198.8,60.4,3.1,0.05,0.0,0.0,107.1,61.5,39.7,0.0,0.0,140.4,0.0,121.95,0.0
Hartford,137.6,2013.0,365.2,241.8,114.0,8.8,0.6,0.0,0.0,154.2,69.0,43.2,2.2,27.0,112.0,0.0,223.6,0.4
Hawaii,221.2,2013.0,365.0,7.4,60.2,137.2,158.4,1.6,0.2,234.0,200.0,140.2,0.0,0.0,0.0,349.2,15.8,0.0
Hays,913.0,2011.0,214.0,137.0,68.0,8.0,1.0,0.0,0.0,151.0,87.0,44.0,0.0,0.0,214.0,0.0,0.0,0.0
Haywood,646.8,2013.0,267.4,185.2,80.2,2.0,0.0,0.0,0.0,112.2,68.0,46.0,0.0,0.0,205.0,0.0,62.4,0.0
Henderson,355.2,2013.0,365.2,260.4,97.0,7.0,0.8,0.0,0.0,120.4,69.0,42.0,0.0,0.0,167.8,11.0,186.2,0.2
Hendricks,281.8,2013.0,181.8,157.8,22.8,1.2,0.0,0.0,0.0,92.0,57.0,38.8,0.0,0.0,181.8,0.0,0.0,0.0
Hennepin,468.0,2013.0,365.2,258.6,105.8,0.8,0.0,0.0,0.0,101.4,62.6,38.4,5.0,24.6,49.6,1.0,259.6,25.4
Henrico,954.0,2013.0,363.4,276.6,81.8,4.2,0.8,0.0,0.0,126.6,62.2,40.6,0.2,16.8,180.0,0.2,166.2,0.0
Henry,245.5,2013.0,239.2,170.4,64.4,3.6,0.7,0.1,0.0,122.6,63.5,38.0,0.0,0.0,72.9,0.0,166.3,0.0
Herkimer,602.6,2013.0,363.2,351.2,12.0,0.0,0.0,0.0,0.0,92.0,44.8,33.0,0.0,0.0,357.8,5.4,0.0,0.0
Hidalgo,893.2,2013.0,365.2,259.6,105.0,0.6,0.0,0.0,0.0,97.2,64.4,40.2,0.0,0.0,128.6,0.0,234.8,1.8
Highlands,162.4,2013.0,355.2,335.0,20.2,0.0,0.0,0.0,0.0,83.0,47.0,32.4,0.0,0.0,355.2,0.0,0.0,0.0
Hillsborough,360.5,2013.0,365.1,276.1,82.1,6.8,0.1,0.0,0.0,132.7,65.2,41.6,0.6,0.5,243.0,12.5,108.3,0.2
Hinds,486.6,2013.0,365.2,208.0,155.0,1.8,0.4,0.0,0.0,130.4,66.2,47.4,0.0,0.4,105.4,0.4,259.0,0.0
Holmes,164.4,2013.0,364.2,299.6,64.6,0.0,0.0,0.0,0.0,87.8,55.2,38.8,0.0,0.0,192.4,0.0,171.8,0.0
Honolulu,222.2,2013.0,363.6,325.0,38.2,0.2,0.2,0.0,0.0,100.0,48.2,32.6,0.0,0.4,158.0,1.8,194.2,9.2
Hood,894.2,2013.0,360.2,298.8,53.2,7.4,0.8,0.0,0.0,152.8,66.8,37.0,0.0,0.0,360.2,0.0,0.0,0.0
Hopewell City,955.0,2013.0,60.8,60.8,0.0,0.0,0.0,0.0,0.0,28.4,18.8,11.6,0.0,0.0,0.0,0.0,0.0,60.8
Horry,854.0,2011.0,259.0,225.0,34.0,0.0,0.0,0.0,0.0,90.0,58.0,41.0,0.0,0.0,259.0,0.0,0.0,0.0
Houston,107.6,2013.0,316.9,233.1,83.4,0.4,0.0,0.0,0.0,98.3,58.7,40.3,0.0,0.0,104.7,0.0,212.2,0.0
Howard,327.8333333333333,2013.5,228.0,141.83333333333334,86.0,0.16666666666666666,0.0,0.0,0.0,82.66666666666667,62.333333333333336,42.5,0.16666666666666666,30.666666666666668,0.0,0.0,197.16666666666666,0.0
Hudson,566.6,2013.0,365.2,241.6,113.6,9.4,0.6,0.0,0.0,149.8,70.6,42.6,1.2,60.8,112.6,1.0,187.8,1.8
Hughes,844.0,2015.0,361.0,339.0,20.0,1.0,1.0,0.0,0.0,152.0,32.0,15.0,0.0,0.0,0.0,0.0,361.0,0.0
Humacao,813.75,2012.5,72.0,69.5,2.5,0.0,0.0,0.0,0.0,56.25,33.5,14.25,0.0,0.0,0.0,0.0,72.0,0.0
Humboldt,62.8,2013.0,364.6,289.6,73.6,1.2,0.2,0.0,0.0,102.4,57.0,37.0,0.0,1.0,167.0,0.2,193.4,3.0
Hunt,895.2,2013.0,364.6,314.4,45.8,4.2,0.2,0.0,0.0,118.4,61.8,36.6,0.0,6.4,358.2,0.0,0.0,0.0
Hunterdon,567.6,2013.0,363.2,275.8,80.4,6.6,0.4,0.0,0.0,127.6,65.6,39.4,0.0,0.0,256.2,0.0,107.0,0.0
Huntington,284.6,2013.0,180.0,162.2,17.0,0.8,0.0,0.0,0.0,93.8,53.4,37.4,0.0,0.0,180.0,0.0,0.0,0.0
Huron,440.2,2013.0,179.2,151.0,23.2,4.4,0.6,0.0,0.0,136.0,62.0,40.2,0.0,0.0,179.2,0.0,0.0,0.0
Hyde,647.8,2013.0,108.8,102.6,6.0,0.2,0.0,0.0,0.0,73.2,43.6,22.2,0.0,0.0,0.0,0.0,108.8,0.0
Iberville,376.0,2013.0,364.6,292.6,62.2,9.2,0.6,0.0,0.0,134.6,65.4,38.0,0.0,6.4,304.2,0.0,54.0,0.0
Idaho,237.33333333333334,2012.6666666666667,312.0,286.6666666666667,19.666666666666668,1.0,3.0,1.6666666666666667,0.0,181.33333333333334,43.333333333333336,13.0,0.0,0.0,0.0,0.0,312.0,0.0
Imperial,63.8,2013.0,365.2,130.0,193.8,37.0,3.2,0.8,0.4,235.8,102.4,57.4,2.6,32.2,183.2,0.0,88.0,59.2
Indian River,165.4,2013.0,343.2,315.4,27.4,0.4,0.0,0.0,0.0,94.8,48.8,36.6,0.0,0.0,343.2,0.0,0.0,0.0
Indiana,787.0,2013.0,362.8,282.2,71.2,8.8,0.6,0.0,0.0,140.8,70.2,40.2,0.0,0.0,294.2,68.6,0.0,0.0
Ingham,441.2,2013.0,362.6,289.4,69.2,4.0,0.0,0.0,0.0,113.4,62.2,37.6,0.0,13.6,256.6,0.2,92.2,0.0
Inyo,64.8,2013.0,365.2,208.8,130.0,15.2,5.4,1.4,4.4,3961.4,91.4,48.0,0.0,0.0,285.2,0.0,25.2,54.8
Iron,501.2,2013.0,303.8,285.0,15.6,3.2,0.0,0.0,0.0,117.4,39.2,5.6,0.0,0.0,0.0,303.8,0.0,0.0
Jackson,488.07142857142856,2012.9761904761904,277.07142857142856,214.16666666666666,55.80952380952381,6.428571428571429,0.5952380952380952,0.07142857142857142,0.0,110.23809523809524,62.11904761904762,38.785714285714285,0.07142857142857142,16.69047619047619,159.76190476190476,13.214285714285714,82.95238095238095,4.380952380952381
Jasper,394.9,2013.0,356.1,312.4,38.9,4.3,0.5,0.0,0.0,92.5,40.7,21.1,0.0,0.0,96.7,178.2,0.0,81.2
Jefferson,605.7301587301587,2012.984126984127,319.74603174603175,213.03174603174602,94.42857142857143,11.126984126984127,1.1111111111111112,0.047619047619047616,0.0,136.03174603174602,71.76190476190476,42.06349206349206,0.047619047619047616,1.4444444444444444,172.9206349206349,13.142857142857142,131.73015873015873,0.4603174603174603
Jerome,236.0,2015.0,22.0,21.0,1.0,0.0,0.0,0.0,0.0,54.0,32.0,12.0,0.0,0.0,0.0,0.0,22.0,0.0
Jersey,247.8,2013.0,221.8,167.2,46.4,6.8,1.2,0.2,0.0,144.4,73.6,42.6,0.0,0.0,200.6,0.0,21.2,0.0
Jessamine,357.2,2013.0,362.8,319.6,39.6,3.6,0.0,0.0,0.0,109.6,55.8,34.6,0.0,0.0,243.0,119.8,0.0,0.0
Jo Daviess,248.8,2013.0,314.6,280.2,31.8,2.6,0.0,0.0,0.0,107.4,53.8,35.6,0.0,0.0,314.6,0.0,0.0,0.0
Johnson,577.68,2013.0,272.92,213.72,55.36,3.56,0.24,0.04,0.0,108.6,56.12,33.0,0.0,0.0,172.32,0.0,100.04,0.56
Johnston,663.8333333333334,2013.3333333333333,231.66666666666666,191.83333333333334,37.5,2.1666666666666665,0.16666666666666666,0.0,0.0,115.83333333333333,57.5,40.0,0.0,0.0,179.0,0.0,52.666666666666664,0.0
Jones,493.5,2011.5,88.0,52.5,35.5,0.0,0.0,0.0,0.0,90.5,65.0,44.5,0.0,0.0,0.0,0.0,88.0,0.0
Josephine,756.2,2013.0,365.2,288.0,71.6,2.6,2.0,0.6,0.4,163.8,63.4,26.4,0.0,0.0,0.0,0.0,365.2,0.0
Juncos,814.6,2013.0,342.6,342.4,0.2,0.0,0.0,0.0,0.0,46.0,28.0,16.6,0.0,0.0,311.6,31.0,0.0,0.0
Juneau ,22.0,2013.0,352.8,302.2,49.6,1.0,0.0,0.0,0.0,106.4,55.8,21.6,0.0,0.0,0.0,0.0,345.6,7.2
Kalamazoo,442.2,2013.0,287.4,203.2,77.8,6.0,0.4,0.0,0.0,127.8,71.0,42.2,0.0,0.0,147.6,0.0,139.8,0.0
Kanawha,1011.2,2013.0,364.0,283.8,74.6,4.8,0.8,0.0,0.0,135.6,65.0,37.4,0.0,0.0,166.6,48.4,86.4,62.6
Kane,249.8,2013.0,349.6,309.4,37.6,2.2,0.4,0.0,0.0,123.4,54.8,32.2,0.0,0.0,330.4,0.0,19.2,0.0
Kauai,223.2,2013.0,341.0,328.0,12.6,0.4,0.0,0.0,0.0,79.4,39.4,18.6,4.6,49.8,0.0,32.6,254.0,0.0
Kaufman,898.2,2013.0,363.4,268.6,91.0,3.6,0.2,0.0,0.0,123.0,66.0,41.6,0.0,2.2,236.2,1.0,124.0,0.0
Kay,733.6,2013.0,360.0,220.2,129.8,9.8,0.2,0.0,0.0,129.2,73.6,45.8,0.0,0.0,162.2,28.6,169.2,0.0
Kenai Peninsula ,23.0,2013.0,209.2,203.8,4.8,0.2,0.4,0.0,0.0,87.6,26.2,7.6,0.0,0.0,0.0,0.0,101.0,108.2
Kennebec,397.2,2013.0,291.4,279.4,11.8,0.2,0.0,0.0,0.0,95.0,45.2,30.2,0.0,53.4,202.4,14.2,4.0,17.4
Kenosha,1032.0,2013.0,334.4,223.4,97.0,11.6,2.4,0.0,0.0,159.0,76.6,42.8,0.0,0.0,185.2,0.0,149.2,0.0
Kent,456.2,2013.0,358.45,271.2,80.3,6.0,0.95,0.0,0.0,139.45,64.85,40.6,0.0,0.15,208.45,0.0,149.8,0.05
Kern,65.8,2013.0,365.2,48.0,177.2,101.2,38.0,0.6,0.2,225.6,150.6,87.6,0.0,0.4,214.4,0.0,145.0,5.4
Kewaunee,1033.0,2013.0,200.6,166.0,30.2,3.4,1.0,0.0,0.0,146.8,64.8,39.8,0.0,0.0,200.6,0.0,0.0,0.0
Keweenaw,444.2,2013.0,119.4,117.0,2.4,0.0,0.0,0.0,0.0,63.0,32.4,11.4,0.0,0.0,0.0,0.0,119.4,0.0
King,987.0,2013.0,364.6,245.2,114.4,5.0,0.0,0.0,0.0,133.2,67.8,41.8,0.0,33.6,106.6,0.4,224.0,0.0
King William,956.0,2013.0,57.0,56.8,0.2,0.0,0.0,0.0,0.0,42.0,20.0,11.2,0.0,0.0,0.0,0.0,0.0,57.0
Kings,335.7,2013.0,364.3,185.1,140.0,32.1,7.1,0.0,0.0,136.6,91.4,52.8,0.0,0.0,100.9,0.0,248.3,15.1
Kitsap,988.0,2013.0,349.4,333.0,16.2,0.2,0.0,0.0,0.0,81.0,40.0,18.2,0.0,0.0,0.0,0.0,349.4,0.0
Kittitas,989.0,2013.0,349.8,294.2,49.8,3.8,1.8,0.2,0.0,169.0,58.2,18.6,0.0,0.0,0.0,0.0,349.8,0.0
Klamath,757.2,2013.0,362.8,248.4,101.2,11.8,1.4,0.0,0.0,154.2,78.0,31.8,0.0,0.0,0.0,0.0,362.6,0.2
Kleberg,899.2,2013.0,322.2,256.6,65.2,0.4,0.0,0.0,0.0,99.6,58.8,34.4,0.0,0.0,0.0,0.0,322.2,0.0
Klickitat,990.0,2013.0,167.0,156.0,10.8,0.2,0.0,0.0,0.0,83.0,39.0,16.6,0.0,0.0,0.0,0.0,167.0,0.0
Knox,556.44,2013.0,282.12,230.16,47.92,3.8,0.2,0.04,0.0,115.32,60.08,38.6,0.0,0.0,244.52,0.0,33.6,4.0
Kootenai,240.0,2013.0,252.5,218.5,31.0,1.5,1.5,0.0,0.0,116.5,57.5,35.5,0.0,0.0,90.5,0.0,162.0,0.0
La Crosse,1034.0,2013.0,342.4,266.6,75.4,0.4,0.0,0.0,0.0,97.2,60.6,39.6,0.0,0.0,175.2,0.0,167.2,0.0
La Paz,30.0,2013.0,278.6,185.8,86.6,6.2,0.0,0.0,0.0,122.0,78.2,46.6,0.0,2.0,263.2,1.6,2.6,9.2
La Plata,122.2,2013.0,365.2,242.6,118.6,3.8,0.0,0.2,0.0,152.0,73.8,46.0,0.0,4.2,359.4,0.0,1.0,0.6
La Salle,250.8,2013.0,355.6,355.6,0.0,0.0,0.0,0.0,0.0,23.6,5.6,1.4,0.0,0.0,0.0,355.6,0.0,0.0
LaPorte,289.6,2013.0,337.6,265.4,62.2,8.2,1.2,0.6,0.0,153.2,68.8,35.0,0.0,0.0,170.0,98.2,69.4,0.0
Lackawanna,788.0,2013.0,365.2,260.2,102.4,2.6,0.0,0.0,0.0,110.8,65.2,42.0,0.0,10.4,198.2,0.0,156.6,0.0
Lafayette,378.0,2013.0,365.0,223.2,139.8,2.0,0.0,0.0,0.0,115.0,65.8,45.4,0.0,0.0,150.6,0.0,213.4,1.0
Lafourche,379.0,2013.0,363.4,305.6,55.4,2.4,0.0,0.0,0.0,122.8,58.4,37.2,0.0,0.0,268.8,0.0,94.6,0.0
Lake,402.7,2013.0,334.475,262.55,63.075,7.4,1.425,0.025,0.0,130.25,59.775,33.275,0.125,0.925,179.425,7.75,133.75,12.5
Lancaster,664.0,2013.0,326.0,210.7,107.9,6.9,0.5,0.0,0.0,120.6,66.9,43.9,13.5,2.0,160.1,0.0,150.4,0.0
Lane,759.2,2013.0,365.2,248.8,101.0,14.6,0.8,0.0,0.0,156.4,77.0,39.4,0.0,0.0,121.2,0.0,243.6,0.4
Laramie,1057.2,2013.0,364.8,276.0,87.4,1.2,0.2,0.0,0.0,114.6,66.0,43.6,0.2,6.8,327.4,0.2,28.0,2.2
Larimer,123.2,2013.0,365.2,181.8,154.4,27.2,1.8,0.0,0.0,157.6,91.6,51.8,0.0,0.0,348.0,0.0,16.4,0.8
Latah,237.25,2012.75,252.75,235.5,13.75,1.0,2.25,0.25,0.0,119.0,35.5,11.0,0.0,0.0,0.0,0.0,252.75,0.0
Lauderdale,489.0,2013.0,290.8,237.2,53.6,0.0,0.0,0.0,0.0,83.6,52.0,37.6,0.0,0.0,174.2,0.0,116.6,0.0
Lawrence,589.6,2013.0,241.45,188.35,50.55,2.45,0.1,0.0,0.0,99.75,57.8,35.55,0.2,0.0,112.65,3.65,114.2,10.75
Lea,582.6,2013.0,361.8,282.2,76.8,2.6,0.2,0.0,0.0,123.6,64.6,39.6,0.0,14.4,276.4,0.0,69.4,1.6
Leavenworth,332.4,2013.0,362.4,313.4,41.2,7.4,0.4,0.0,0.0,121.8,62.2,35.8,0.0,0.0,362.4,0.0,0.0,0.0
Lebanon,791.0,2013.0,353.4,197.2,144.8,11.2,0.2,0.0,0.0,135.0,80.2,47.4,0.0,0.0,182.2,0.0,171.2,0.0
Lee,378.1666666666667,2013.1666666666667,255.88888888888889,204.94444444444446,50.77777777777778,0.16666666666666666,0.0,0.0,0.0,90.16666666666667,55.94444444444444,38.44444444444444,0.0,0.05555555555555555,146.61111111111111,0.0,108.83333333333333,0.3888888888888889
Lehigh,792.0,2013.0,361.6,316.0,40.6,4.8,0.2,0.0,0.0,123.8,57.8,34.0,0.0,0.0,333.0,0.0,0.0,28.6
Lemhi,237.0,2013.0,354.0,213.4,117.8,14.4,6.2,2.2,0.0,194.2,89.4,39.0,0.0,0.0,0.0,0.0,354.0,0.0
Lenawee,445.2,2013.0,284.4,202.4,74.0,7.0,1.0,0.0,0.0,133.2,72.8,43.6,0.0,0.0,154.4,0.0,130.0,0.0
Lenoir,651.4,2013.0,244.0,202.4,40.4,1.0,0.2,0.0,0.0,115.0,58.2,39.8,0.0,0.0,203.0,0.0,41.0,0.0
Leon,168.4,2013.0,364.8,262.4,99.4,2.4,0.4,0.2,0.0,156.0,62.8,41.4,0.0,0.0,153.2,0.0,211.6,0.0
Lewis,991.0,2013.0,357.2,329.8,27.0,0.2,0.2,0.0,0.0,97.8,45.6,22.2,0.0,0.0,0.0,0.0,357.2,0.0
Lewis and Clark,519.2,2013.0,365.2,293.6,66.2,4.4,1.0,0.0,0.0,136.8,61.4,40.6,0.0,0.0,243.6,0.0,121.6,0.0
Lexington,835.6,2013.0,365.0,261.0,103.2,0.8,0.0,0.0,0.0,99.0,58.6,39.8,0.0,0.0,0.0,18.0,319.8,27.2
Liberty,169.4,2013.0,334.2,319.8,14.4,0.0,0.0,0.0,0.0,72.6,45.0,31.8,0.0,0.0,334.2,0.0,0.0,0.0
Licking,701.6,2013.0,213.4,168.4,39.4,5.2,0.4,0.0,0.0,130.6,65.4,43.0,0.0,0.0,213.4,0.0,0.0,0.0
Lincoln,668.8518518518518,2013.111111111111,259.4074074074074,207.4814814814815,48.407407407407405,2.740740740740741,0.7407407407407407,0.037037037037037035,0.0,111.25925925925925,57.55555555555556,31.074074074074073,0.0,0.0,100.96296296296296,0.0,80.77777777777777,77.66666666666667
Linn,480.0,2012.857142857143,339.0,252.42857142857142,82.42857142857143,3.7142857142857144,0.42857142857142855,0.0,0.0,121.71428571428571,61.57142857142857,34.785714285714285,0.0,1.3571428571428572,114.35714285714286,5.642857142857143,217.0,0.6428571428571429
Litchfield,138.6,2013.0,362.6,299.0,59.4,4.2,0.0,0.0,0.0,141.0,58.6,39.6,0.4,2.6,279.4,0.2,79.8,0.2
Livingston,369.1,2013.0,314.1,236.3,71.9,5.5,0.4,0.0,0.0,127.5,65.5,42.0,0.0,0.1,236.7,9.3,65.1,2.9
Lorain,702.6,2013.0,361.6,285.4,72.0,3.8,0.4,0.0,0.0,114.8,61.0,36.6,0.0,0.0,159.2,0.0,202.4,0.0
Los Alamos,584.6,2013.0,115.4,114.0,1.4,0.0,0.0,0.0,0.0,49.4,22.4,10.8,0.0,0.0,0.0,0.0,115.4,0.0
Los Angeles,68.8,2013.0,365.2,24.2,222.8,85.0,31.6,1.6,0.0,206.0,147.2,80.0,0.0,22.0,174.6,0.0,166.2,2.4
Loudon,860.8,2013.0,264.6,199.4,60.0,4.8,0.4,0.0,0.0,121.0,67.8,42.0,0.0,0.0,223.2,0.0,41.4,0.0
Loudoun,957.0,2013.0,361.8,302.0,56.2,3.4,0.2,0.0,0.0,123.0,60.2,35.8,0.0,113.0,193.6,0.0,55.2,0.0
Love,729.3333333333334,2014.0,305.6666666666667,225.66666666666666,72.66666666666667,7.0,0.3333333333333333,0.0,0.0,146.0,69.0,39.0,0.0,0.0,156.33333333333334,0.0,149.33333333333334,0.0
Lowndes,210.2,2013.0,348.6,215.2,130.4,2.8,0.2,0.0,0.0,115.8,64.2,44.0,0.0,0.0,0.0,0.0,348.6,0.0
Lubbock,900.5,2012.5,299.25,260.25,37.5,1.25,0.25,0.0,0.0,128.5,52.5,30.0,0.0,0.0,0.0,0.0,299.25,0.0
Lucas,703.6,2013.0,365.0,240.8,116.6,7.0,0.6,0.0,0.0,135.0,70.6,43.6,0.0,0.0,124.0,2.0,233.4,5.6
Luna,585.6,2013.0,362.6,284.0,71.6,3.6,1.2,0.4,1.8,491.8,58.6,38.6,0.0,21.2,244.8,0.0,0.0,96.6
Luzerne,793.0,2013.0,365.2,337.6,26.8,0.8,0.0,0.0,0.0,105.8,48.4,32.8,0.0,0.0,338.4,3.8,0.0,23.0
Lycoming,794.0,2013.0,350.2,321.4,27.8,1.0,0.0,0.0,0.0,97.2,49.6,33.8,0.0,0.0,345.8,0.0,0.0,4.4
Lynchburg City,958.0,2013.0,115.2,100.4,14.8,0.0,0.0,0.0,0.0,66.2,52.2,30.2,0.0,0.0,0.0,0.0,115.2,0.0
Lyon,509.5,2013.0,291.9,229.9,59.8,2.2,0.0,0.0,0.0,109.3,63.3,40.8,0.0,0.0,195.1,0.0,96.8,0.0
Macomb,446.2,2013.0,242.8,174.6,58.0,9.4,0.6,0.2,0.0,158.2,77.4,42.2,0.0,0.0,174.0,0.0,68.8,0.0
Macon,453.1,2013.0,356.1,287.4,67.1,1.5,0.1,0.0,0.0,101.2,55.9,38.6,0.0,0.0,268.3,7.3,80.5,0.0
Macoupin,253.8,2013.0,363.2,321.6,38.2,3.2,0.2,0.0,0.0,108.6,55.0,33.6,0.0,0.0,289.0,74.2,0.0,0.0
Madera,69.8,2013.0,365.2,86.8,207.4,60.0,11.0,0.0,0.0,180.4,122.4,67.2,0.0,0.0,197.6,0.0,158.4,9.2
Madison,487.8333333333333,2012.9444444444443,263.8333333333333,190.27777777777777,69.0,4.194444444444445,0.3611111111111111,0.0,0.0,105.0,63.5,40.166666666666664,0.0,0.0,159.94444444444446,0.8888888888888888,93.47222222222223,9.527777777777779
Mahoning,705.6,2013.0,365.0,235.6,125.4,3.6,0.4,0.0,0.0,130.8,68.2,44.0,0.0,0.0,96.2,12.4,255.6,0.8
Manatee,170.4,2013.0,365.0,333.8,29.4,1.8,0.0,0.0,0.0,106.6,49.4,35.0,0.0,0.0,364.8,0.2,0.0,0.0
Manistee,447.2,2013.0,238.8,196.6,35.6,6.4,0.2,0.0,0.0,131.0,66.0,36.6,0.0,0.0,171.8,0.0,67.0,0.0
Manitowoc,1035.0,2013.0,197.4,160.4,29.0,6.6,1.4,0.0,0.0,148.4,70.2,38.6,0.0,0.2,197.2,0.0,0.0,0.0
Marathon,1036.0,2013.0,204.0,181.2,22.2,0.6,0.0,0.0,0.0,95.2,52.6,38.6,0.0,0.0,204.0,0.0,0.0,0.0
Maricopa,31.0,2013.0,365.2,53.2,259.6,45.6,5.0,1.2,0.6,277.6,109.4,67.2,0.0,23.0,203.4,0.0,80.2,58.6
Marin,70.8,2013.0,364.8,279.2,84.4,1.2,0.0,0.0,0.0,106.4,58.8,38.6,0.0,12.8,116.4,0.0,235.2,0.4
Marion,559.35,2013.0,303.75,200.3,98.25,4.75,0.45,0.0,0.0,114.1,65.05,41.45,0.0,0.65,107.1,8.8,187.0,0.2
Mariposa,71.8,2013.0,365.2,198.0,140.4,25.0,1.4,0.4,0.0,182.8,93.8,49.6,0.0,0.0,304.4,0.0,57.2,3.6
Marshall,722.6666666666666,2012.7777777777778,225.0,139.22222222222223,85.22222222222223,0.5555555555555556,0.0,0.0,0.0,65.44444444444444,47.55555555555556,31.666666666666668,0.0,0.0,0.0,17.22222222222222,183.88888888888889,23.88888888888889
Martin,413.4,2013.0,358.6,297.8,60.2,0.5,0.1,0.0,0.0,104.4,54.9,38.1,0.0,0.0,168.8,0.3,189.5,0.0
Mason,720.1,2013.0,270.1,233.6,33.2,2.9,0.4,0.0,0.0,111.1,59.9,31.5,0.0,0.0,91.2,0.0,178.9,0.0
Matanuska-Susitna ,24.0,2013.0,364.6,292.8,65.0,6.0,0.4,0.4,0.0,173.4,66.4,28.6,0.0,0.0,95.2,0.0,219.2,50.2
Maui,224.2,2013.0,347.4,329.8,17.4,0.2,0.0,0.0,0.0,82.8,42.2,24.4,0.0,0.0,0.0,0.0,347.4,0.0
Maury,856.3333333333334,2014.0,104.0,89.66666666666667,14.333333333333334,0.0,0.0,0.0,0.0,63.666666666666664,52.666666666666664,31.0,0.0,0.0,0.0,0.0,104.0,0.0
Maverick,901.0,2013.0,320.0,255.6,64.0,0.4,0.0,0.0,0.0,97.0,58.0,33.2,0.0,0.0,0.0,0.0,320.0,0.0
Mayagnez,815.75,2012.5,68.0,64.0,4.0,0.0,0.0,0.0,0.0,56.5,42.25,19.5,0.0,0.0,0.0,0.0,68.0,0.0
Mayes,735.6,2013.0,277.2,217.6,49.8,8.8,1.0,0.0,0.0,125.2,71.6,41.0,0.0,0.0,276.8,0.0,0.4,0.0
McClain,736.6,2013.0,354.2,286.0,60.0,8.0,0.2,0.0,0.0,122.8,68.2,39.0,0.0,0.0,354.2,0.0,0.0,0.0
McCracken,361.0,2013.0,365.2,260.6,98.6,5.0,0.8,0.2,0.0,133.8,68.0,41.4,0.0,27.2,159.0,4.8,173.0,1.2
McCurtain,745.5,2011.5,300.5,242.5,55.0,3.0,0.0,0.0,0.0,115.5,66.0,41.0,0.0,0.0,300.5,0.0,0.0,0.0
McDowell,655.4,2013.0,349.0,288.2,60.6,0.2,0.0,0.0,0.0,83.6,54.2,34.2,0.0,0.0,0.0,0.0,348.8,0.2
McHenry,255.8,2013.0,363.0,256.6,102.4,3.8,0.2,0.0,0.0,132.8,65.2,41.2,0.0,0.0,195.0,0.0,168.0,0.0
McKenzie,676.2,2013.0,365.0,329.8,33.4,1.0,0.4,0.4,0.0,157.0,51.2,37.2,0.0,0.8,287.0,5.4,71.2,0.6
McKinley,587.3333333333334,2012.0,223.66666666666666,223.33333333333334,0.3333333333333333,0.0,0.0,0.0,0.0,45.666666666666664,26.0,15.0,0.0,0.0,0.0,0.0,0.0,223.66666666666666
McLean,256.8,2013.0,359.8,305.2,50.6,4.0,0.0,0.0,0.0,115.0,61.6,36.4,0.0,0.0,347.4,0.0,12.4,0.0
McLennan,902.0,2013.0,364.0,275.0,82.8,6.0,0.2,0.0,0.0,127.2,67.6,40.6,0.6,4.2,253.0,0.2,106.0,0.0
McMinn,863.2,2013.0,213.2,194.4,18.2,0.6,0.0,0.0,0.0,76.0,46.2,27.6,0.0,93.0,40.4,8.6,56.2,15.0
Meade,846.8,2013.0,357.0,333.2,23.6,0.2,0.0,0.0,0.0,78.8,48.8,38.4,0.0,0.0,354.8,0.0,0.0,2.2
Mecklenburg,656.4,2013.0,365.2,228.2,124.0,10.6,2.4,0.0,0.0,134.0,76.2,46.2,0.0,5.6,200.8,0.0,158.4,0.4
Medina,706.6,2013.0,290.0,206.4,80.6,2.8,0.2,0.0,0.0,117.8,66.2,42.6,0.0,0.0,166.6,0.0,123.4,0.0
Meigs,767.5,2012.625,314.25,284.875,26.125,3.25,0.0,0.0,0.0,99.5,43.0,19.375,0.0,0.0,89.5,224.75,0.0,0.0
Mendocino,72.8,2013.0,355.8,294.8,60.2,0.4,0.4,0.0,0.0,98.2,56.0,35.2,0.0,0.0,118.0,0.0,198.8,39.0
Merced,73.8,2013.0,364.2,143.2,172.0,46.2,2.8,0.0,0.0,157.0,108.4,58.6,0.0,0.8,216.0,0.0,145.6,1.8
Mercer,680.2666666666667,2013.0,365.2,262.6,95.73333333333333,6.133333333333334,0.7333333333333333,0.0,0.0,132.46666666666667,65.6,41.86666666666667,0.0,0.6,222.33333333333334,4.333333333333333,137.8,0.13333333333333333
Merrimack,558.6,2013.0,365.2,314.8,38.0,11.0,1.4,0.0,0.0,117.6,62.6,32.4,0.0,0.0,203.8,109.2,52.2,0.0
Mesa,124.2,2013.0,365.2,226.8,132.6,5.8,0.0,0.0,0.0,112.8,73.8,47.0,0.0,0.0,312.8,0.0,45.8,6.6
Miami,708.6,2013.0,213.6,161.8,46.6,5.0,0.2,0.0,0.0,123.6,70.0,43.4,0.0,0.0,213.6,0.0,0.0,0.0
Miami-Dade,173.4,2013.0,365.2,280.4,83.0,1.8,0.0,0.0,0.0,118.4,59.4,41.6,0.0,2.8,134.4,0.0,228.0,0.0
Middlesex,378.8,2013.0,298.46666666666664,250.13333333333333,40.93333333333333,6.4,1.0,0.0,0.0,145.2,66.8,38.46666666666667,0.06666666666666667,18.533333333333335,256.46666666666664,0.0,23.4,0.0
Mille Lacs,471.0,2013.0,216.8,209.0,7.6,0.2,0.0,0.0,0.0,86.4,45.4,32.8,0.0,0.0,216.8,0.0,0.0,0.0
Milwaukee,1037.0,2013.0,365.2,232.6,123.0,7.6,2.0,0.0,0.0,144.4,74.2,43.8,0.0,14.4,163.0,0.2,186.8,0.8
Mineral,550.3333333333334,2012.0,137.33333333333334,135.0,2.0,0.3333333333333333,0.0,0.0,0.0,54.666666666666664,17.333333333333332,10.0,0.0,0.0,0.0,0.0,0.0,137.33333333333334
Minnehaha,847.8,2013.0,364.4,272.0,89.6,2.6,0.2,0.0,0.0,120.6,65.6,40.8,0.0,8.8,215.6,0.0,129.2,10.8
Missaukee,449.2,2013.0,362.4,315.4,42.8,4.2,0.0,0.0,0.0,113.6,55.4,36.6,0.0,0.8,310.8,0.0,50.8,0.0
Missoula,521.2,2013.0,365.2,160.8,170.6,25.8,8.0,0.0,0.0,169.2,99.2,53.2,0.0,0.0,86.0,0.0,277.4,1.8
Mitchell,657.4,2013.0,118.6,102.8,15.8,0.0,0.0,0.0,0.0,66.8,52.4,32.6,0.0,0.0,0.0,0.0,118.6,0.0
Mobile,10.0,2013.0,304.2,238.0,62.8,3.4,0.0,0.0,0.0,111.6,64.0,40.0,0.0,0.0,201.2,0.0,97.2,5.8
Moffat,125.2,2013.0,252.8,209.6,43.0,0.2,0.0,0.0,0.0,89.2,54.6,41.4,0.0,0.0,252.8,0.0,0.0,0.0
Mohave,32.0,2013.0,287.0,279.0,7.6,0.4,0.0,0.0,0.0,93.4,32.4,17.4,0.0,0.0,0.0,0.0,44.6,242.4
Monmouth,570.6,2013.0,259.6,217.6,34.8,6.0,1.2,0.0,0.0,153.4,64.8,38.6,9.2,0.0,250.4,0.0,0.0,0.0
Mono,74.8,2013.0,365.2,320.8,27.6,3.6,2.8,0.6,9.8,3667.6,53.4,16.2,0.0,0.0,0.0,0.0,19.6,345.6
Monongalia,1014.2,2013.0,359.8,305.8,52.0,2.0,0.0,0.0,0.0,121.4,57.8,33.2,0.0,0.0,176.2,104.6,79.0,0.0
Monroe,567.8148148148148,2012.962962962963,314.037037037037,261.8888888888889,50.925925925925924,1.1481481481481481,0.07407407407407407,0.0,0.0,95.14814814814815,53.629629629629626,31.037037037037038,0.1111111111111111,1.4814814814814814,138.55555555555554,26.814814814814813,136.25925925925927,10.814814814814815
Monterey,75.8,2013.0,365.0,330.6,34.2,0.2,0.0,0.0,0.0,95.4,49.8,37.2,0.0,3.4,249.6,0.0,85.0,27.0
Montezuma,126.2,2013.0,365.2,259.0,104.6,1.6,0.0,0.0,0.0,109.0,69.4,45.4,0.0,0.0,360.0,0.0,5.2,0.0
Montgomery,565.7906976744187,2013.0232558139535,337.4418604651163,241.2325581395349,92.18604651162791,3.86046511627907,0.16279069767441862,0.0,0.0,114.13953488372093,63.906976744186046,40.06976744186046,0.6744186046511628,0.5581395348837209,150.8372093023256,19.441860465116278,165.34883720930233,0.5813953488372093
Morgan,344.9,2013.0,338.5,287.65,43.7,6.9,0.25,0.0,0.0,121.1,60.5,30.05,0.0,0.0,173.3,140.3,24.9,0.0
Morris,571.6,2013.0,362.0,299.2,56.8,5.8,0.2,0.0,0.0,129.0,60.4,37.0,0.0,18.0,299.4,1.0,43.6,0.0
Multnomah,762.2,2013.0,364.8,302.4,59.4,2.6,0.4,0.0,0.0,125.4,58.0,34.4,0.0,8.6,209.8,0.0,145.8,0.6
Murray,211.2,2013.0,274.4,230.2,42.0,2.0,0.0,0.2,0.0,137.2,59.0,40.0,0.0,0.0,225.0,0.0,49.4,0.0
Muscatine,320.0,2013.0,365.2,172.2,152.6,34.2,6.2,0.0,0.0,178.8,102.0,51.4,0.0,0.0,0.0,89.8,274.0,1.4
Muscogee,212.2,2013.0,362.0,256.2,104.0,1.8,0.0,0.0,0.0,108.8,64.4,41.6,0.0,0.0,116.2,0.0,245.6,0.2
Muskegon,451.2,2013.0,210.4,157.6,40.6,9.6,2.6,0.0,0.0,161.2,80.2,41.4,0.0,0.0,175.6,0.0,34.8,0.0
Muskogee,738.0,2013.0,357.2,318.4,37.6,1.2,0.0,0.0,0.0,95.2,48.8,23.8,0.0,0.0,0.0,57.8,1.0,298.4
Napa,76.8,2013.0,364.8,236.6,127.0,1.2,0.0,0.0,0.0,103.8,66.4,42.8,0.4,4.4,140.0,0.0,219.2,0.8
Nassau,390.7,2013.0,359.8,298.2,59.9,1.6,0.1,0.0,0.0,101.2,54.7,26.4,0.0,0.0,0.0,98.6,261.2,0.0
Natrona,1059.2,2013.0,334.4,289.2,44.6,0.6,0.0,0.0,0.0,97.0,53.4,37.4,0.0,33.8,250.8,19.0,27.2,3.6
Navajo,33.0,2013.0,365.2,265.4,97.8,2.0,0.0,0.0,0.0,106.4,69.2,44.0,0.0,0.0,348.6,0.0,2.0,14.6
Navarro,904.0,2013.0,364.8,260.6,99.4,4.6,0.2,0.0,0.0,126.0,68.2,42.0,0.0,2.4,225.4,6.4,130.6,0.0
Neosho,334.4,2013.0,174.6,154.4,19.8,0.4,0.0,0.0,0.0,82.0,42.6,25.4,0.0,0.6,117.4,0.0,17.6,39.0
Nevada,77.8,2013.0,364.4,224.4,113.0,25.8,1.2,0.0,0.0,157.4,93.6,45.2,0.0,0.0,349.2,0.0,15.2,0.0
New Castle,147.4,2013.0,365.2,201.0,150.8,11.6,1.8,0.0,0.0,159.0,79.8,48.4,0.0,5.2,183.0,1.2,175.8,0.0
New Hanover,659.4,2013.0,363.0,298.4,63.6,1.0,0.0,0.0,0.0,100.6,56.4,37.0,0.0,0.0,155.6,21.6,185.8,0.0
New Haven,140.6,2013.0,365.2,218.2,131.0,12.2,3.8,0.0,0.0,167.2,77.0,46.4,0.0,17.0,167.6,0.4,180.2,0.0
New London,141.6,2013.0,328.0,243.0,76.0,7.2,1.8,0.0,0.0,154.4,64.8,41.2,0.0,0.0,150.4,0.0,177.6,0.0
New York,608.0,2013.0,365.2,209.6,150.0,5.4,0.2,0.0,0.0,128.0,69.8,46.8,0.4,0.0,111.4,0.0,253.4,0.0
Newton,45.4,2013.0,365.2,312.8,51.6,0.8,0.0,0.0,0.0,102.2,56.6,38.2,0.0,0.0,339.6,0.0,25.6,0.0
Nez Perce,239.25,2012.75,265.5,243.75,16.75,2.0,2.5,0.25,0.25,153.0,43.0,17.5,0.0,0.0,0.0,0.0,265.5,0.0
Niagara,609.0,2013.0,278.6,220.8,54.0,3.6,0.2,0.0,0.0,122.2,58.0,38.6,0.2,0.0,194.0,4.6,79.8,0.0
Noble,711.6,2013.0,338.0,284.0,52.4,1.6,0.0,0.0,0.0,108.8,58.2,38.4,0.0,0.0,299.2,0.0,38.8,0.0
Norfolk,428.2,2013.0,363.6,311.0,48.8,3.6,0.2,0.0,0.0,125.6,55.2,37.2,0.0,2.0,238.8,0.0,122.8,0.0
Norfolk City,960.0,2013.0,364.0,337.0,26.2,0.8,0.0,0.0,0.0,89.2,45.8,22.6,8.4,214.2,0.0,44.0,96.8,0.6
Northampton,798.0,2013.0,365.2,189.4,167.8,7.4,0.6,0.0,0.0,134.8,77.8,49.8,0.0,3.8,131.8,1.4,227.0,1.2
Nueces,905.0,2013.0,365.2,264.0,97.2,3.8,0.2,0.0,0.0,123.6,65.4,41.4,0.0,0.0,196.2,0.8,166.8,1.4
Nye,550.6,2013.0,365.2,347.0,17.0,1.0,0.2,0.0,0.0,133.6,35.8,18.6,0.0,0.0,0.0,0.0,0.0,365.2
Oakland,452.2,2013.0,239.0,176.0,54.4,8.0,0.6,0.0,0.0,143.8,74.8,41.4,0.0,0.0,164.8,0.0,74.2,0.0
Ocean,572.6,2013.0,354.8,277.2,67.8,8.6,1.2,0.0,0.0,150.0,64.4,39.8,0.0,0.0,203.6,0.0,151.2,0.0
Oconee,836.6,2013.0,336.2,305.0,30.8,0.4,0.0,0.0,0.0,87.6,50.0,28.2,0.0,0.0,211.4,93.0,31.8,0.0
Ohio,1015.2,2013.0,260.4,182.6,73.2,4.4,0.2,0.0,0.0,124.8,70.4,44.0,0.0,0.0,184.8,0.0,75.6,0.0
Okaloosa,175.4,2013.0,363.8,338.0,25.2,0.6,0.0,0.0,0.0,95.0,47.6,33.6,0.0,0.0,352.8,0.0,0.0,11.0
Okanogan,993.0,2013.0,362.8,240.4,113.8,5.0,2.2,0.4,1.0,207.6,69.8,34.6,0.0,0.0,0.0,0.0,362.8,0.0
Oklahoma,739.0,2013.0,365.2,217.0,130.0,17.4,0.8,0.0,0.0,138.4,83.2,47.4,0.0,29.0,236.6,0.0,98.2,1.4
Oldham,363.0,2013.0,233.8,176.8,47.0,7.4,2.4,0.2,0.0,144.2,74.0,42.8,0.0,0.0,233.8,0.0,0.0,0.0
Oliver,678.2,2013.0,365.2,332.8,30.2,2.0,0.2,0.0,0.0,113.8,50.4,35.8,0.0,2.2,314.8,5.4,39.2,3.6
Olmsted,472.0,2013.0,362.8,281.4,80.4,1.0,0.0,0.0,0.0,106.0,60.8,38.8,0.0,0.0,166.8,0.8,195.2,0.0
Oneida,824.2,2013.0,361.7,292.9,48.5,20.0,0.3,0.0,0.0,120.2,79.6,19.5,0.0,0.0,56.0,166.5,139.2,0.0
Onondaga,611.0,2013.0,360.0,321.8,36.2,2.0,0.0,0.0,0.0,106.2,51.2,33.6,1.8,0.0,302.2,1.6,54.4,0.0
Orange,443.3,2013.0,365.05,253.35,105.45,5.95,0.3,0.0,0.0,130.25,64.5,42.65,0.0,6.65,193.6,0.0,164.35,0.45
Orleans,381.0,2013.0,362.8,289.4,70.8,2.4,0.2,0.0,0.0,116.0,58.6,38.2,0.6,16.4,165.2,0.0,177.2,3.4
Osage,748.5,2011.5,349.5,267.5,69.0,12.5,0.5,0.0,0.0,152.5,75.5,37.0,0.0,0.0,232.0,109.0,0.0,8.5
Osceola,177.4,2013.0,356.2,328.4,27.4,0.4,0.0,0.0,0.0,100.8,48.6,33.6,0.0,0.0,356.2,0.0,0.0,0.0
Oswego,613.0,2013.0,338.6,321.6,15.6,1.4,0.0,0.0,0.0,108.8,45.8,32.8,0.0,0.0,338.6,0.0,0.0,0.0
Ottawa,596.8,2013.0,331.6,248.0,76.6,6.3,0.7,0.0,0.0,128.4,68.2,37.8,0.0,0.0,154.0,43.2,130.5,3.9
Ouachita,382.0,2013.0,359.0,214.0,144.8,0.2,0.0,0.0,0.0,94.2,62.0,45.0,0.0,0.0,130.0,0.0,229.0,0.0
Outagamie,1039.4,2013.0,352.2,259.8,88.4,3.8,0.2,0.0,0.0,123.0,65.0,40.4,0.0,0.0,161.6,0.0,190.6,0.0
Oxford,399.2,2013.0,240.8,227.6,13.2,0.0,0.0,0.0,0.0,85.0,46.4,31.2,0.0,0.0,193.8,0.0,47.0,0.0
Ozaukee,1040.4,2013.0,334.8,256.8,68.6,8.0,1.4,0.0,0.0,145.4,68.0,38.0,0.0,0.0,183.8,0.0,151.0,0.0
Page,961.0,2013.0,259.8,215.2,43.8,0.8,0.0,0.0,0.0,90.2,57.4,41.4,0.0,0.0,200.0,0.0,59.8,0.0
Palm Beach,178.4,2013.0,365.2,299.0,64.2,1.8,0.2,0.0,0.0,117.6,58.0,38.6,0.0,0.2,227.4,0.0,119.2,18.4
Palo Alto,321.0,2013.0,361.6,271.0,89.6,1.0,0.0,0.0,0.0,103.2,62.0,41.0,0.0,0.0,134.2,0.0,226.2,1.2
Park,593.7,2013.0,225.2,174.2,48.8,2.2,0.0,0.0,0.0,93.7,54.0,30.8,0.0,0.0,163.3,0.0,52.9,9.0
Parker,907.0,2013.0,356.8,284.2,58.2,13.0,1.4,0.0,0.0,149.4,73.2,39.0,0.0,1.0,355.8,0.0,0.0,0.0
Pasco,179.4,2013.0,365.0,328.6,35.2,1.2,0.0,0.0,0.0,101.4,52.2,36.8,0.0,0.0,365.0,0.0,0.0,0.0
Passaic,573.6,2013.0,288.8,234.0,50.4,4.2,0.2,0.0,0.0,131.2,62.8,38.2,0.0,0.0,225.8,0.0,63.0,0.0
Paulding,213.2,2013.0,364.4,225.0,135.4,3.8,0.2,0.0,0.0,113.0,66.4,45.6,0.4,3.2,87.0,0.0,273.8,0.0
Pend Oreille,1017.0,2011.0,133.0,128.0,0.0,0.0,5.0,0.0,0.0,153.0,20.0,11.0,0.0,0.0,0.0,0.0,133.0,0.0
Pennington,848.8,2013.0,365.0,280.8,83.6,0.6,0.0,0.0,0.0,95.2,58.0,34.2,0.0,41.0,0.0,0.0,144.0,180.0
Penobscot,400.2,2013.0,364.6,325.0,39.4,0.2,0.0,0.0,0.0,92.4,50.8,33.6,0.0,0.0,221.2,0.0,142.2,1.2
Peoria,257.8,2013.0,365.2,232.0,128.4,4.6,0.2,0.0,0.0,117.2,67.0,45.2,0.0,0.0,175.0,10.6,179.6,0.0
Perry,475.3157894736842,2012.8947368421052,273.2105263157895,217.73684210526315,51.421052631578945,3.8947368421052633,0.15789473684210525,0.0,0.0,110.15789473684211,65.26315789473684,40.94736842105263,0.0,4.2631578947368425,212.6315789473684,1.1578947368421053,55.1578947368421,0.0
Person,660.4,2013.0,241.2,201.6,37.2,2.4,0.0,0.0,0.0,111.6,59.0,39.2,0.0,0.0,213.0,28.2,0.0,0.0
Philadelphia,799.8,2013.0,365.2,153.4,195.2,14.0,2.6,0.0,0.0,152.0,83.0,53.2,0.0,16.2,123.2,0.0,225.0,0.8
Phillips,361.6666666666667,2012.8333333333333,237.0,220.66666666666666,14.833333333333334,0.8333333333333334,0.6666666666666666,0.0,0.0,92.0,49.5,34.5,0.0,0.0,175.0,0.0,61.833333333333336,0.16666666666666666
Pickens,837.6,2013.0,242.0,196.6,42.6,2.8,0.0,0.0,0.0,102.8,60.4,41.6,0.0,0.0,242.0,0.0,0.0,0.0
Pierce,994.2,2013.0,365.2,283.0,76.4,5.4,0.4,0.0,0.0,137.0,66.2,41.2,0.0,0.0,222.2,0.0,143.0,0.0
Pike,292.06666666666666,2013.0,352.93333333333334,293.4,52.733333333333334,6.2,0.6,0.0,0.0,141.4,57.2,28.666666666666668,0.0,0.0,153.4,118.2,81.33333333333333,0.0
Pima,34.0,2013.0,365.2,208.0,149.0,7.6,0.0,0.4,0.2,165.8,79.8,48.6,0.0,7.2,258.4,0.0,22.0,77.6
Pinal,35.0,2013.0,365.2,76.2,207.0,57.8,11.8,4.0,8.4,1094.0,132.0,72.2,0.0,0.0,103.8,0.0,18.4,243.0
Pinellas,180.4,2013.0,365.2,293.6,69.6,2.0,0.0,0.0,0.0,109.2,58.2,40.2,0.0,0.4,206.8,0.4,157.4,0.2
Piscataquis,412.0,2011.0,105.0,101.0,4.0,0.0,0.0,0.0,0.0,60.0,39.0,27.0,0.0,0.0,0.0,0.0,105.0,0.0
Pitkin,128.2,2013.0,216.0,158.2,54.8,3.0,0.0,0.0,0.0,74.6,49.4,29.8,0.0,0.0,142.8,0.0,22.8,50.4
Pitt,661.4,2013.0,257.8,212.4,43.2,2.0,0.2,0.0,0.0,117.2,61.4,39.2,0.0,0.0,194.0,0.0,63.8,0.0
Pittsburg,741.4,2013.0,362.8,235.2,119.2,8.0,0.4,0.0,0.0,120.6,69.2,45.2,0.0,0.0,214.8,0.0,148.0,0.0
Placer,79.8,2013.0,365.2,176.4,159.6,24.2,4.8,0.2,0.0,185.2,95.4,51.6,0.0,5.2,244.4,0.0,115.6,0.0
Platte,1061.2,2013.0,60.0,57.2,2.8,0.0,0.0,0.0,0.0,75.4,36.4,15.6,0.0,0.0,0.0,0.0,0.0,60.0
Plumas,80.8,2013.0,124.8,71.2,42.6,9.0,2.0,0.0,0.0,150.4,99.4,41.6,0.0,0.0,0.0,0.0,124.8,0.0
Plymouth,429.2,2013.0,232.0,191.4,40.4,0.2,0.0,0.0,0.0,87.0,55.2,32.0,0.0,0.0,86.6,0.0,145.4,0.0
Pointe Coupee,383.0,2013.0,352.2,308.0,38.6,5.4,0.2,0.0,0.0,132.8,57.8,36.4,0.0,0.0,352.2,0.0,0.0,0.0
Polk,364.55,2013.0,345.15,275.05,68.0,2.0,0.1,0.0,0.0,111.05,59.5,39.15,0.0,3.55,232.7,0.45,107.9,0.55
Ponce,816.4,2013.0,320.8,296.6,24.2,0.0,0.0,0.0,0.0,66.0,46.0,23.0,46.8,0.0,0.0,0.0,33.6,240.4
Pope,49.0,2011.5,88.0,57.0,31.0,0.0,0.0,0.0,0.0,74.5,60.5,41.0,0.0,0.0,0.0,0.0,88.0,0.0
Portage,712.6,2013.0,251.4,204.2,45.2,1.8,0.2,0.0,0.0,111.2,60.8,36.2,0.0,0.0,178.4,0.0,73.0,0.0
Porter,298.0,2013.0,365.2,220.0,139.6,4.2,1.2,0.2,0.0,165.4,71.4,46.0,0.0,0.0,101.4,18.0,219.0,26.8
Posey,299.0,2013.0,174.4,140.0,32.2,2.2,0.0,0.0,0.0,110.4,64.6,42.2,0.0,0.0,174.4,0.0,0.0,0.0
Pottawatomie,732.0,2013.0,230.0,203.0,26.0,1.0,0.0,0.0,0.0,126.0,58.0,39.0,0.0,0.0,230.0,0.0,0.0,0.0
Pottawattamie,323.0,2013.0,122.0,90.8,31.0,0.2,0.0,0.0,0.0,94.0,59.4,37.0,0.0,0.0,0.0,0.0,114.4,7.6
Potter,909.0,2013.0,350.8,331.0,19.4,0.4,0.0,0.0,0.0,95.8,44.4,24.0,0.0,0.0,0.0,6.8,344.0,0.0
Powder River,523.0,2013.0,358.0,291.0,65.6,1.2,0.2,0.0,0.0,107.2,57.6,39.4,0.0,0.2,244.0,0.0,44.6,69.2
Powell,524.0,2013.0,116.6,110.8,5.0,0.4,0.4,0.0,0.0,106.6,34.8,8.0,0.0,0.0,0.0,0.0,116.6,0.0
Preble,713.6,2013.0,364.4,235.8,123.8,4.6,0.2,0.0,0.0,129.2,68.2,44.4,0.0,0.0,180.4,1.8,182.2,0.0
Prince Edward,962.0,2013.0,345.0,322.0,22.4,0.6,0.0,0.0,0.0,97.2,48.4,35.2,0.0,0.0,345.0,0.0,0.0,0.0
Prince George's,417.8,2013.0,364.8,215.8,135.2,11.0,2.8,0.0,0.0,153.6,77.8,46.8,0.0,3.2,197.2,0.0,164.4,0.0
Prince William,963.0,2013.0,363.6,323.2,38.2,2.2,0.0,0.0,0.0,116.2,55.0,29.8,0.0,151.0,212.6,0.0,0.0,0.0
Providence,820.4,2013.0,365.2,253.0,106.0,5.6,0.6,0.0,0.0,146.6,65.6,43.4,0.0,23.2,180.8,0.4,160.2,0.6
Prowers,129.2,2013.0,360.2,335.8,19.4,2.8,1.2,0.8,0.2,385.0,43.0,19.0,0.0,0.0,0.0,0.0,0.0,360.2
Pueblo,130.2,2013.0,127.8,121.4,6.2,0.2,0.0,0.0,0.0,91.4,40.0,21.8,0.0,0.0,0.0,0.0,86.4,41.4
Pulaski,207.1,2013.0,324.1,206.8,112.3,5.0,0.0,0.0,0.0,115.7,67.7,45.1,0.0,3.3,170.7,0.0,150.1,0.0
Putnam,504.6923076923077,2013.2307692307693,303.84615384615387,291.0,12.153846153846153,0.6923076923076923,0.0,0.0,0.0,85.0,39.84615384615385,25.307692307692307,0.0,0.0,135.53846153846155,22.0,26.153846153846153,120.15384615384616
Queens,615.0,2013.0,365.2,249.0,108.6,7.0,0.6,0.0,0.0,142.2,66.2,42.8,0.0,60.4,147.4,0.2,157.2,0.0
Racine,1044.75,2012.75,187.5,146.5,32.25,7.0,1.75,0.0,0.0,141.25,78.5,39.75,0.0,0.0,187.5,0.0,0.0,0.0
Raleigh,1016.2,2013.0,78.0,66.4,11.6,0.0,0.0,0.0,0.0,57.2,46.0,27.8,0.0,0.0,0.0,0.0,78.0,0.0
Ramsey,473.0,2013.0,365.2,271.8,92.6,0.8,0.0,0.0,0.0,110.8,60.0,35.0,1.6,0.0,0.0,0.0,300.8,62.8
Randall,910.0,2013.0,323.0,239.2,79.2,4.6,0.0,0.0,0.0,117.6,72.2,44.0,0.0,0.0,323.0,0.0,0.0,0.0
Randolph,258.8,2013.0,358.4,307.4,45.4,5.2,0.4,0.0,0.0,112.6,59.8,35.4,0.0,0.0,278.6,60.6,19.2,0.0
Rapides,384.0,2013.0,283.0,161.8,120.6,0.6,0.0,0.0,0.0,93.2,61.6,43.8,0.0,0.0,0.0,0.0,283.0,0.0
Ravalli,525.0,2013.0,353.6,283.0,55.0,6.8,7.6,1.2,0.0,185.4,74.4,23.8,0.0,0.0,0.0,0.0,353.6,0.0
Rensselaer,623.0,2011.5,351.5,332.0,17.5,2.0,0.0,0.0,0.0,124.0,47.5,34.0,0.0,0.0,348.5,3.0,0.0,0.0
Richland,682.3,2013.0,364.9,282.2,79.4,3.0,0.3,0.0,0.0,112.1,59.6,40.3,0.2,2.7,207.2,0.8,134.7,19.3
Richmond,415.8,2013.0,363.1,242.1,114.3,6.1,0.6,0.0,0.0,138.3,67.7,43.3,0.0,0.0,155.6,9.1,198.3,0.1
Richmond City,964.0,2013.0,309.8,290.2,19.6,0.0,0.0,0.0,0.0,67.6,40.8,24.8,22.0,221.0,0.0,3.0,63.8,0.0
Riley,336.0,2012.0,241.0,191.33333333333334,43.0,6.333333333333333,0.3333333333333333,0.0,0.0,118.0,67.33333333333333,38.333333333333336,0.0,0.0,241.0,0.0,0.0,0.0
Rio Arriba,587.2,2013.0,246.4,206.4,39.6,0.4,0.0,0.0,0.0,82.8,44.6,30.2,0.0,0.0,197.2,0.0,49.2,0.0
Rio Blanco,131.2,2013.0,365.2,265.2,95.8,2.6,1.4,0.2,0.0,129.4,65.4,45.6,0.0,0.2,323.8,0.0,41.2,0.0
Riverside,81.8,2013.0,365.2,27.8,186.4,107.2,40.6,2.4,0.8,356.6,154.2,90.6,0.0,0.2,193.2,0.4,117.4,54.0
Roane,866.4,2013.0,299.4,136.6,162.4,0.2,0.2,0.0,0.0,105.0,64.2,48.6,0.0,0.0,0.0,0.0,291.6,7.8
Roanoke,965.0,2013.0,364.8,303.6,60.2,1.0,0.0,0.0,0.0,102.4,57.0,36.0,0.2,84.8,180.2,2.2,97.4,0.0
Roanoke City,970.6666666666666,2012.0,275.6666666666667,206.0,69.66666666666667,0.0,0.0,0.0,0.0,76.33333333333333,57.0,34.0,2.0,0.0,0.0,0.0,260.0,13.666666666666666
Robeson,662.0,2012.5,120.0,97.25,22.75,0.0,0.0,0.0,0.0,75.5,55.5,34.5,0.0,0.0,0.0,0.0,120.0,0.0
Rock,758.1,2013.0,153.0,126.5,24.4,2.1,0.0,0.0,0.0,96.9,59.2,32.5,0.0,0.0,96.0,0.0,57.0,0.0
Rock Island,259.8,2013.0,354.6,329.8,24.4,0.4,0.0,0.0,0.0,86.2,48.2,32.8,0.0,0.0,340.0,0.0,14.6,0.0
Rockbridge,966.6,2013.0,259.4,236.2,23.0,0.2,0.0,0.0,0.0,85.6,50.0,36.8,0.0,0.0,191.4,0.0,68.0,0.0
Rockdale,216.2,2013.0,363.2,298.4,52.2,12.0,0.6,0.0,0.0,147.4,65.2,34.0,0.0,119.4,243.8,0.0,0.0,0.0
Rockingham,730.1333333333333,2013.0,333.2,267.6666666666667,63.2,2.2666666666666666,0.06666666666666667,0.0,0.0,113.8,59.93333333333333,38.8,0.0,37.4,207.6,21.866666666666667,66.33333333333333,0.0
Rockland,617.4,2013.0,359.0,292.2,61.6,5.0,0.2,0.0,0.0,133.4,60.2,38.6,0.0,0.0,250.4,0.0,108.6,0.0
Rockwall,911.0,2013.0,362.2,296.8,56.2,8.6,0.4,0.2,0.0,146.4,68.6,38.0,0.0,0.0,362.2,0.0,0.0,0.0
Roosevelt,527.0,2013.0,104.6,102.4,1.4,0.6,0.2,0.0,0.0,76.0,28.8,12.0,0.0,0.0,0.0,0.0,104.6,0.0
Rosebud,528.0,2013.0,365.0,303.6,54.6,5.8,1.0,0.0,0.0,142.4,57.2,39.0,0.0,10.6,251.6,3.2,51.0,48.6
Routt,132.2,2013.0,351.0,340.8,10.2,0.0,0.0,0.0,0.0,72.6,32.4,14.6,0.0,0.0,0.0,0.0,0.0,351.0
Rowan,664.2,2013.0,363.8,239.4,116.8,7.0,0.4,0.2,0.0,137.6,69.4,45.4,0.0,0.0,227.6,0.0,136.2,0.0
Russell,13.0,2013.0,293.4,205.0,87.2,1.2,0.0,0.0,0.0,113.8,63.6,43.6,0.0,0.0,166.8,0.0,126.6,0.0
Rutherford,876.0,2011.5,241.0,182.0,57.0,2.0,0.0,0.0,0.0,102.5,77.5,43.5,0.0,0.0,241.0,0.0,0.0,0.0
Rutland,934.6,2013.0,364.2,262.2,98.2,3.8,0.0,0.0,0.0,117.4,67.2,34.8,1.4,30.4,0.0,2.4,330.0,0.0
Sacramento,82.8,2013.0,365.2,165.2,154.4,39.2,6.2,0.2,0.0,171.2,109.2,53.2,0.0,4.2,229.6,0.0,129.0,2.4
Sagadahoc,401.4,2013.0,196.8,187.8,8.8,0.2,0.0,0.0,0.0,87.8,46.4,33.8,0.0,0.0,196.8,0.0,0.0,0.0
Saint Charles,508.2,2013.0,232.4,166.8,51.0,12.6,2.0,0.0,0.0,152.4,89.6,43.4,0.0,0.0,220.0,12.4,0.0,0.0
Saint Clair,260.8,2013.0,365.2,243.4,112.4,8.4,0.8,0.2,0.0,150.2,72.0,43.4,0.0,27.2,165.6,1.8,170.6,0.0
Saint Louis,492.1,2013.0,365.2,259.3,98.1,6.4,1.4,0.0,0.0,123.3,67.0,42.2,0.0,3.2,186.4,0.0,168.8,6.8
Sainte Genevieve,510.2,2013.0,249.4,184.2,60.6,4.2,0.4,0.0,0.0,122.4,69.8,43.0,0.0,0.0,197.0,0.0,52.4,0.0
Salem City,968.6,2013.0,113.6,92.6,21.0,0.0,0.0,0.0,0.0,74.4,55.6,34.8,0.0,0.0,0.0,0.0,113.6,0.0
Salinas,817.4,2013.0,341.6,340.0,0.8,0.4,0.4,0.0,0.0,98.4,15.4,4.8,0.0,0.0,0.0,341.6,0.0,0.0
Salt Lake,924.6,2013.0,365.2,190.8,145.2,26.0,3.2,0.0,0.0,155.2,96.4,50.0,0.0,50.0,228.4,0.8,77.2,8.8
San Benito,83.8,2013.0,365.2,298.4,63.0,3.8,0.0,0.0,0.0,112.2,62.4,41.2,0.0,0.0,333.8,0.0,29.4,2.0
San Bernardino,84.8,2013.0,365.2,46.6,182.0,84.4,47.4,4.8,0.0,216.4,161.4,84.2,0.0,21.2,217.6,0.0,116.6,9.8
San Diego,85.8,2013.0,365.0,72.4,255.2,35.4,1.8,0.0,0.2,254.2,100.8,63.0,1.6,18.0,170.4,0.0,158.4,16.6
San Francisco,86.8,2013.0,364.2,281.2,81.8,1.2,0.0,0.0,0.0,113.2,61.0,36.8,0.0,68.8,129.8,0.0,165.6,0.0
San Joaquin,87.8,2013.0,365.2,146.8,180.8,32.6,5.0,0.0,0.0,162.2,100.4,55.2,0.0,2.2,176.6,0.0,179.2,7.2
San Juan,616.35,2013.0,289.45,233.95,53.15,2.3,0.05,0.0,0.0,85.65,46.4,28.9,73.15,5.25,171.65,0.6,38.45,0.35
San Luis Obispo,88.8,2013.0,365.2,141.6,205.6,17.6,0.4,0.0,0.0,135.0,90.2,55.2,0.0,0.0,197.2,0.6,144.6,22.8
San Mateo,89.8,2013.0,364.6,298.2,65.2,1.2,0.0,0.0,0.0,104.8,57.4,35.6,0.0,29.0,166.0,0.0,169.6,0.0
San Miguel,134.2,2013.0,245.4,174.2,70.0,1.0,0.2,0.0,0.0,114.8,66.2,45.6,0.0,0.0,185.6,0.0,0.0,59.8
Sanders,529.0,2013.0,222.4,214.2,7.4,0.8,0.0,0.0,0.0,97.0,30.0,13.0,0.0,0.0,0.0,0.0,70.0,152.4
Sandoval,589.2,2013.0,353.0,273.8,79.2,0.0,0.0,0.0,0.0,94.8,59.0,43.4,0.0,0.0,320.4,0.0,14.6,18.0
Sangamon,261.8,2013.0,365.2,315.2,46.6,3.2,0.2,0.0,0.0,110.6,59.2,34.2,12.6,0.0,324.4,12.4,15.8,0.0
Santa Barbara,90.8,2013.0,365.2,228.0,133.6,3.0,0.6,0.0,0.0,135.8,65.0,46.8,0.0,2.0,241.6,2.0,115.6,4.0
Santa Clara,91.8,2013.0,365.2,231.2,127.0,6.6,0.4,0.0,0.0,142.6,71.2,45.4,0.0,12.0,160.8,0.0,192.2,0.2
Santa Cruz,64.4,2013.0,358.8,285.5,68.3,4.6,0.4,0.0,0.0,126.4,62.2,36.3,0.0,0.0,127.7,0.0,109.5,121.6
Santa Fe,590.2,2013.0,365.2,286.0,78.8,0.4,0.0,0.0,0.0,96.8,62.6,43.6,0.0,0.0,354.4,0.0,10.8,0.0
Santa Rosa,183.4,2013.0,365.2,285.8,76.6,2.8,0.0,0.0,0.0,115.6,60.4,39.6,0.0,0.0,217.0,0.0,148.2,0.0
Sarasota,184.4,2013.0,365.2,279.8,82.2,3.2,0.0,0.0,0.0,118.8,61.0,41.6,0.0,0.2,204.2,0.0,160.8,0.0
Saratoga,618.4,2013.0,361.8,344.0,17.0,0.8,0.0,0.0,0.0,97.6,45.2,32.0,0.0,0.0,361.8,0.0,0.0,0.0
Sarpy,540.0,2013.0,325.0,238.0,86.2,0.8,0.0,0.0,0.0,105.2,59.6,37.6,0.0,0.0,0.0,0.0,325.0,0.0
Sauk,1043.2,2013.0,348.4,283.2,63.4,1.6,0.2,0.0,0.0,108.6,58.6,37.8,0.0,0.0,182.2,0.0,162.8,3.4
Schenectady,634.0,2011.0,180.0,172.0,7.0,1.0,0.0,0.0,0.0,108.0,45.0,34.0,0.0,0.0,176.0,4.0,0.0,0.0
Schoolcraft,454.2,2013.0,289.2,256.6,27.6,4.4,0.6,0.0,0.0,135.0,55.0,32.6,0.0,0.0,170.8,0.0,118.4,0.0
Scioto,714.6,2013.0,365.2,335.6,29.4,0.2,0.0,0.0,0.0,87.0,48.2,20.0,0.0,0.0,0.0,41.8,111.8,211.6
Scott,400.0,2013.0,327.6,190.2,135.2,2.1,0.1,0.0,0.0,113.6,64.9,45.9,0.0,0.0,144.7,0.0,138.8,44.1
Scotts Bluff,541.0,2013.0,142.2,113.6,28.2,0.2,0.2,0.0,0.0,92.6,50.6,30.2,0.0,0.0,62.6,0.0,79.6,0.0
Sebastian,52.0,2011.0,17.0,10.0,7.0,0.0,0.0,0.0,0.0,74.0,70.0,48.0,0.0,0.0,0.0,0.0,17.0,0.0
Sedgwick,336.0,2013.0,365.2,253.0,100.2,11.4,0.6,0.0,0.0,133.0,75.8,43.6,0.4,39.6,260.8,0.0,39.2,25.2
Seminole,185.4,2013.0,362.6,330.0,31.0,1.6,0.0,0.0,0.0,103.6,50.6,35.6,0.0,0.0,338.8,0.0,14.6,9.2
Sequoyah,742.6,2013.0,361.4,287.6,68.8,4.6,0.4,0.0,0.0,112.6,62.6,38.6,0.0,46.8,224.2,0.0,62.0,28.4
Sevier,867.8,2013.0,363.0,262.8,94.4,5.2,0.6,0.0,0.0,122.8,71.2,45.4,0.0,0.0,362.8,0.2,0.0,0.0
Shasta,93.8,2013.0,365.2,271.6,87.0,6.0,0.6,0.0,0.0,142.2,73.4,43.4,0.0,0.0,353.6,0.0,10.8,0.8
Shawnee,337.0,2013.0,365.0,293.0,65.6,6.4,0.0,0.0,0.0,120.6,64.6,39.0,0.0,0.0,315.6,0.0,39.6,9.8
Sheboygan,1044.2,2013.0,194.0,144.2,34.8,12.8,2.0,0.2,0.0,165.2,88.2,41.4,0.0,0.0,194.0,0.0,0.0,0.0
Shelby,394.26666666666665,2013.0,274.4,193.73333333333332,73.2,6.533333333333333,0.8666666666666667,0.06666666666666667,0.0,133.86666666666667,70.06666666666666,43.4,0.0,1.5333333333333334,190.6,0.2,82.06666666666666,0.0
Sheridan,796.1,2013.0,237.3,222.3,14.5,0.4,0.1,0.0,0.0,90.9,38.6,22.1,0.0,0.0,80.5,0.0,90.3,66.5
Sherman,338.0,2013.0,57.6,54.8,2.4,0.4,0.0,0.0,0.0,82.0,41.8,18.4,0.0,0.0,0.0,0.0,0.0,57.6
Shoshone,238.8,2013.0,363.8,217.4,130.0,14.8,1.6,0.0,0.0,153.6,84.4,39.8,0.0,0.0,0.0,0.0,328.0,35.8
Silver Bow,531.0,2013.0,363.8,274.2,82.6,4.6,2.4,0.0,0.0,147.4,67.4,30.2,0.0,0.0,0.0,0.0,296.2,67.6
Simpson,367.0,2013.0,233.6,194.8,36.6,2.2,0.0,0.0,0.0,105.4,60.8,40.8,0.0,0.0,233.6,0.0,0.0,0.0
Siskiyou,94.8,2013.0,360.8,332.2,26.0,1.8,0.8,0.0,0.0,130.6,49.0,36.8,0.0,0.0,342.2,0.0,16.8,1.8
Skagit,995.2,2013.0,365.2,350.6,14.4,0.2,0.0,0.0,0.0,81.4,42.2,31.0,0.0,20.6,211.6,0.0,133.0,0.0
Smith,912.0,2013.0,363.0,301.6,55.2,6.2,0.0,0.0,0.0,126.2,64.6,37.4,0.0,3.6,359.4,0.0,0.0,0.0
Snohomish,996.2,2013.0,364.6,282.4,76.6,5.0,0.6,0.0,0.0,141.4,65.8,29.0,0.0,0.0,0.0,0.0,364.6,0.0
Socorro,591.2,2013.0,102.6,100.0,2.2,0.4,0.0,0.0,0.0,79.4,29.2,14.4,0.0,0.0,0.0,0.0,102.6,0.0
Solano,95.8,2013.0,365.2,247.4,111.4,6.4,0.0,0.0,0.0,132.2,70.6,43.0,0.0,4.6,199.2,0.0,161.2,0.2
Somerset,800.8,2013.0,307.8,281.6,25.4,0.8,0.0,0.0,0.0,106.8,51.2,35.6,0.0,0.0,307.8,0.0,0.0,0.0
Sonoma,96.8,2013.0,365.2,305.2,60.0,0.0,0.0,0.0,0.0,85.8,56.8,36.0,0.0,3.6,218.2,0.0,141.8,1.6
Spartanburg,839.6,2013.0,361.6,239.6,119.0,2.8,0.2,0.0,0.0,113.4,65.8,44.2,0.0,0.0,136.0,0.0,225.6,0.0
Spencer,301.0,2013.0,116.8,78.6,38.2,0.0,0.0,0.0,0.0,81.4,63.4,40.6,0.0,0.0,0.0,0.0,116.8,0.0
Spokane,997.2,2013.0,364.6,268.2,92.4,3.0,1.0,0.0,0.0,130.0,64.0,40.4,3.8,0.0,128.8,0.0,213.6,18.4
St Croix,936.6,2013.0,179.2,163.8,14.2,0.8,0.4,0.0,0.0,98.2,48.2,23.4,0.0,0.0,0.0,145.2,18.6,15.4
St John,937.6,2013.0,113.2,98.2,15.0,0.0,0.0,0.0,0.0,81.4,54.4,22.0,0.0,0.0,0.0,0.0,113.2,0.0
St. Bernard,385.0,2013.0,362.8,189.8,141.8,23.6,7.6,0.0,0.0,162.4,93.2,49.6,0.0,0.0,137.0,72.2,153.2,0.4
St. Charles,385.5,2012.5,358.75,327.75,29.75,1.25,0.0,0.0,0.0,104.5,52.0,33.0,0.0,0.0,358.75,0.0,0.0,0.0
St. Clair,455.2,2013.0,340.4,245.2,84.4,10.2,0.4,0.2,0.0,149.8,71.8,37.8,0.0,0.0,132.8,75.2,132.4,0.0
St. James,386.8,2013.0,354.8,325.6,26.6,2.4,0.2,0.0,0.0,125.4,50.6,33.0,0.0,0.0,354.8,0.0,0.0,0.0
St. John the Baptist,387.8,2013.0,360.6,314.0,41.4,5.0,0.2,0.0,0.0,119.6,59.6,36.2,0.0,0.0,360.6,0.0,0.0,0.0
St. Joseph,302.0,2013.0,363.4,198.0,158.2,6.4,0.6,0.2,0.0,158.2,75.2,48.4,0.0,18.4,97.4,0.0,247.6,0.0
St. Louis City,511.2,2013.0,365.2,154.0,197.4,12.0,1.8,0.0,0.0,157.6,79.4,53.2,0.0,19.4,88.4,7.2,211.4,38.8
St. Lucie,187.0,2013.0,344.75,323.75,20.5,0.5,0.0,0.0,0.0,101.75,47.5,34.25,0.0,0.0,344.75,0.0,0.0,0.0
St. Martin,390.0,2015.0,65.0,59.0,6.0,0.0,0.0,0.0,0.0,84.0,50.0,38.0,0.0,0.0,65.0,0.0,0.0,0.0
St. Tammany,389.0,2013.0,363.8,280.4,77.2,6.0,0.2,0.0,0.0,132.4,63.0,39.8,0.0,0.0,240.4,0.0,123.4,0.0
Stafford,969.6,2013.0,214.0,178.6,32.8,2.4,0.2,0.0,0.0,119.4,59.2,41.0,0.0,0.0,214.0,0.0,0.0,0.0
Stanislaus,97.8,2013.0,365.2,131.6,169.2,54.8,9.4,0.2,0.0,177.2,118.2,61.0,0.0,0.4,212.8,0.0,149.2,2.8
Stark,715.6,2013.0,365.2,228.6,127.6,8.4,0.6,0.0,0.0,134.8,72.2,46.0,1.2,0.0,129.8,0.0,234.2,0.0
Stearns,477.0,2013.0,358.6,303.4,54.4,0.6,0.2,0.0,0.0,105.4,54.4,35.6,0.0,0.0,177.2,0.0,181.4,0.0
Steuben,619.6,2013.0,361.0,328.8,31.8,0.2,0.2,0.0,0.0,99.6,49.6,34.6,6.8,0.6,294.6,2.2,56.8,0.0
Stevens,998.2,2013.0,364.2,262.6,98.0,3.0,0.6,0.0,0.0,121.6,65.4,30.0,0.0,0.0,0.0,0.0,299.6,64.6
Stoddard,512.2,2013.0,109.6,92.0,17.6,0.0,0.0,0.0,0.0,69.2,54.4,31.4,0.0,0.0,0.0,0.0,109.6,0.0
Story,325.0,2013.0,213.8,192.2,21.6,0.0,0.0,0.0,0.0,84.2,52.2,38.6,0.0,0.0,213.8,0.0,0.0,0.0
Stutsman,680.0,2015.0,365.0,350.0,15.0,0.0,0.0,0.0,0.0,85.0,35.0,13.0,0.0,0.0,0.0,14.0,0.0,351.0
Sublette,1063.2,2013.0,365.2,259.2,99.4,4.4,1.6,0.6,0.0,143.4,67.2,46.2,0.0,0.6,346.6,0.0,17.6,0.4
Suffolk,525.4,2013.0,365.1,252.0,106.6,5.3,1.1,0.1,0.0,144.3,64.7,43.4,0.0,16.1,170.5,0.3,177.8,0.4
Suffolk City,970.6,2013.0,213.6,175.6,34.8,3.2,0.0,0.0,0.0,111.4,60.0,41.2,0.0,0.0,213.6,0.0,0.0,0.0
Sullivan,869.8,2013.0,365.0,220.0,107.6,35.8,1.6,0.0,0.0,162.4,94.4,47.2,1.2,55.4,156.4,131.6,20.4,0.0
Summit,551.2857142857143,2012.5714285714287,323.85714285714283,228.71428571428572,93.14285714285714,1.8571428571428572,0.14285714285714285,0.0,0.0,117.0,57.0,34.142857142857146,8.571428571428571,0.0,85.57142857142857,47.0,119.71428571428571,63.0
Sumner,604.9,2013.0,316.2,238.8,68.3,8.6,0.5,0.0,0.0,131.3,72.6,42.1,0.0,1.8,277.6,0.0,36.8,0.0
Sumter,127.33333333333333,2013.111111111111,241.33333333333334,213.77777777777777,27.333333333333332,0.2222222222222222,0.0,0.0,0.0,94.11111111111111,52.333333333333336,37.22222222222222,0.0,0.0,221.33333333333334,0.0,20.0,0.0
Sussex,148.4,2013.0,365.2,275.6,81.2,7.4,1.0,0.0,0.0,145.6,68.2,41.2,0.0,0.4,296.0,0.0,68.8,0.0
Sutter,98.8,2013.0,365.2,187.4,164.2,13.2,0.4,0.0,0.0,140.6,84.4,50.0,0.2,5.4,208.4,0.0,150.6,0.6
Swain,665.2,2013.0,360.2,274.4,85.8,0.0,0.0,0.0,0.0,85.6,57.2,40.0,0.0,0.0,148.6,1.0,210.6,0.0
Sweetwater,1064.2,2013.0,365.2,238.8,120.6,5.0,0.4,0.2,0.2,203.6,71.4,46.0,0.0,2.6,309.6,4.4,5.4,43.2
Talladega,15.8,2013.0,111.0,78.6,32.4,0.0,0.0,0.0,0.0,78.8,58.8,40.8,0.0,0.0,0.0,0.0,111.0,0.0
Tama,333.0,2011.0,68.0,46.0,22.0,0.0,0.0,0.0,0.0,89.0,68.0,36.0,0.0,0.0,0.0,0.0,68.0,0.0
Taney,513.2,2013.0,267.6,227.0,38.6,2.0,0.0,0.0,0.0,100.4,56.0,38.6,0.0,0.0,201.6,0.0,66.0,0.0
Tangipahoa,390.0,2013.0,118.6,100.0,18.6,0.0,0.0,0.0,0.0,80.2,53.4,31.2,0.0,0.0,0.0,0.0,118.6,0.0
Taos,592.2,2013.0,361.6,355.8,5.8,0.0,0.0,0.0,0.0,63.0,30.6,14.6,0.0,0.0,0.0,0.0,346.6,15.0
Tarrant,913.0,2013.0,365.2,210.8,123.4,24.8,5.8,0.4,0.0,183.0,91.6,47.4,0.0,22.8,204.6,0.0,137.2,0.6
Taylor,1045.2,2013.0,345.8,301.0,44.2,0.6,0.0,0.0,0.0,98.6,53.8,36.0,0.0,0.0,266.2,0.0,79.6,0.0
Tazewell,262.8,2013.0,352.6,294.8,32.6,22.0,3.2,0.0,0.0,177.0,81.0,5.2,0.0,0.0,0.0,352.6,0.0,0.0
Tehama,99.8,2013.0,365.0,224.8,124.2,15.6,0.4,0.0,0.0,142.4,83.6,45.4,0.0,0.0,288.0,0.0,76.0,1.0
Terrebonne,391.0,2013.0,120.2,107.4,12.8,0.0,0.0,0.0,0.0,68.0,51.0,28.8,0.0,0.0,0.0,0.0,120.2,0.0
Teton,1065.2,2013.0,365.0,297.4,66.8,0.8,0.0,0.0,0.0,96.8,58.2,43.2,1.0,0.0,354.6,0.0,7.8,1.6
Thomas,542.0,2013.0,108.6,105.8,2.8,0.0,0.0,0.0,0.0,61.6,34.0,15.0,0.0,0.0,0.0,0.0,108.6,0.0
Thurston,999.2,2013.0,361.6,308.6,51.4,1.4,0.2,0.0,0.0,116.4,55.6,30.4,0.0,0.0,141.4,0.0,220.2,0.0
Tioga,801.8,2013.0,346.8,298.6,46.8,1.4,0.0,0.0,0.0,105.6,55.2,37.6,0.0,6.8,309.0,0.0,31.0,0.0
Tippecanoe,303.0,2013.0,338.4,184.2,153.6,0.6,0.0,0.0,0.0,107.0,66.4,45.8,0.0,0.0,0.0,0.0,338.4,0.0
Tolland,142.6,2013.0,176.2,139.8,27.6,8.2,0.6,0.0,0.0,149.4,74.2,40.8,0.0,0.0,176.2,0.0,0.0,0.0
Tompkins,621.6,2013.0,338.8,313.4,24.2,1.2,0.0,0.0,0.0,94.2,48.8,35.4,0.0,0.0,338.8,0.0,0.0,0.0
Tooele,926.6,2013.0,360.6,273.2,80.6,6.6,0.2,0.0,0.0,136.6,67.4,38.2,0.0,0.0,153.8,0.0,206.8,0.0
Travis,914.0,2013.0,365.2,242.2,115.8,6.8,0.4,0.0,0.0,137.6,74.0,44.2,0.0,9.2,212.8,0.0,143.0,0.2
Trego,340.0,2013.0,363.0,284.2,73.8,5.0,0.0,0.0,0.0,118.8,66.6,41.0,0.0,0.0,349.4,0.4,13.2,0.0
Trempealeau,1040.0,2013.0,37.0,37.0,0.0,0.0,0.0,0.0,0.0,37.0,28.0,12.0,0.0,0.0,0.0,0.0,0.0,37.0
Trigg,368.0,2013.0,343.0,296.0,44.2,2.6,0.2,0.0,0.0,111.6,58.6,37.8,0.0,0.0,343.0,0.0,0.0,0.0
Trinity,100.8,2013.0,190.2,126.8,46.6,15.0,1.6,0.2,0.0,131.4,73.2,23.2,0.0,0.0,0.0,0.0,181.4,8.8
Trumbull,717.6,2013.0,347.8,230.0,111.2,6.2,0.4,0.0,0.0,139.6,68.2,43.2,0.0,0.0,141.0,0.0,204.0,2.8
Tucker,1017.2,2013.0,338.0,306.6,30.8,0.6,0.0,0.0,0.0,106.4,51.4,35.8,0.0,0.0,314.2,0.0,23.8,0.0
Tulare,101.8,2013.0,365.2,68.0,168.0,95.4,33.6,0.2,0.0,186.0,148.2,82.0,0.0,0.2,220.0,0.0,143.6,1.4
Tulsa,743.6,2013.0,365.2,182.0,162.4,18.4,2.2,0.2,0.0,154.0,85.0,51.6,0.0,1.4,184.2,19.2,157.8,2.6
Tuolumne,102.8,2013.0,356.2,253.4,92.0,10.8,0.0,0.0,0.0,128.0,79.8,43.0,0.0,0.0,356.2,0.0,0.0,0.0
Tuscaloosa,16.8,2013.0,312.2,253.2,58.8,0.2,0.0,0.0,0.0,89.8,54.0,38.2,0.0,0.0,161.8,16.2,134.2,0.0
Tuscarawas,727.0,2011.5,328.5,321.0,7.5,0.0,0.0,0.0,0.0,86.0,29.0,12.0,0.0,0.0,0.0,328.5,0.0,0.0
Tuscola,456.2,2013.0,322.0,291.6,26.2,4.0,0.2,0.0,0.0,118.8,53.8,33.4,0.0,0.0,321.0,0.0,0.0,1.0
Twin Falls,241.25,2012.75,321.25,301.0,18.75,1.25,0.25,0.0,0.0,112.0,42.5,20.25,0.0,0.0,0.0,0.0,321.25,0.0
Uinta,1066.2,2013.0,365.2,307.0,57.6,0.6,0.0,0.0,0.0,95.2,56.0,42.8,0.0,0.4,357.4,0.0,0.0,7.4
Uintah,927.6,2013.0,365.2,197.6,143.2,11.6,8.0,4.8,0.0,184.6,97.8,50.6,0.0,3.0,342.4,0.0,19.0,0.8
Ulster,630.5,2011.5,360.5,326.0,32.0,2.5,0.0,0.0,0.0,111.5,50.5,37.0,0.0,0.0,357.0,3.5,0.0,0.0
Umatilla,763.2,2013.0,363.4,288.2,71.6,3.0,0.6,0.0,0.0,116.8,62.4,37.2,0.0,0.0,136.0,0.0,227.4,0.0
Union,629.3333333333334,2013.0,338.43333333333334,269.7,66.26666666666667,2.2,0.23333333333333334,0.03333333333333333,0.0,114.56666666666666,58.8,30.033333333333335,0.0,17.866666666666667,64.03333333333333,41.666666666666664,151.7,63.166666666666664
Utah,928.6,2013.0,365.2,208.6,139.2,14.0,3.4,0.0,0.0,148.4,86.6,47.8,0.0,59.8,221.6,0.0,79.4,4.4
Valencia,593.2,2013.0,362.0,269.4,89.8,2.8,0.0,0.0,0.0,111.8,66.2,43.2,0.0,0.0,348.2,0.0,13.8,0.0
Valley,243.0,2015.0,247.0,229.0,13.0,2.0,3.0,0.0,0.0,153.0,43.0,13.0,0.0,0.0,0.0,0.0,247.0,0.0
Van Buren,280.8333333333333,2012.6666666666667,348.3333333333333,265.3333333333333,81.16666666666667,1.6666666666666667,0.16666666666666666,0.0,0.0,100.33333333333333,56.0,37.666666666666664,0.0,0.16666666666666666,171.16666666666666,8.333333333333334,168.33333333333334,0.3333333333333333
Vanderburgh,304.0,2013.0,365.2,195.8,160.2,8.8,0.4,0.0,0.0,132.0,74.2,48.8,11.2,6.6,134.4,1.0,212.0,0.0
Ventura,103.8,2013.0,365.2,180.0,167.8,16.6,0.8,0.0,0.0,148.0,85.8,51.0,0.0,4.2,255.4,0.0,102.8,2.8
Victoria,915.0,2013.0,345.2,317.6,26.6,1.0,0.0,0.0,0.0,102.2,48.8,31.2,0.0,0.0,345.2,0.0,0.0,0.0
Vigo,305.0,2013.0,365.2,167.0,177.2,20.2,0.8,0.0,0.0,150.0,86.0,52.2,0.0,0.0,77.2,68.8,219.0,0.2
Vilas,1046.4,2013.0,215.8,196.8,18.6,0.4,0.0,0.0,0.0,96.2,49.2,35.0,0.0,0.0,187.8,0.0,28.0,0.0
Virginia Beach City,971.6,2013.0,353.0,296.6,56.4,0.0,0.0,0.0,0.0,86.4,55.4,30.4,0.0,0.0,0.0,0.0,353.0,0.0
Volusia,187.2,2013.0,365.2,312.8,51.6,0.6,0.2,0.0,0.0,106.6,53.6,38.2,0.0,0.0,239.6,0.0,125.0,0.6
Wabash,284.9,2013.0,340.1,307.1,28.5,4.4,0.1,0.0,0.0,115.3,46.9,20.7,0.0,0.0,160.2,179.9,0.0,0.0
Wake,667.2,2013.0,365.2,230.8,127.8,6.0,0.6,0.0,0.0,122.4,68.2,45.4,0.0,1.0,165.6,0.0,198.6,0.0
Wakulla,188.2,2013.0,353.2,315.8,37.2,0.0,0.2,0.0,0.0,104.0,51.2,35.4,0.2,0.0,293.8,0.0,59.2,0.0
Walker,184.83333333333334,2012.6666666666667,311.0,194.66666666666666,116.16666666666667,0.16666666666666666,0.0,0.0,0.0,93.5,63.333333333333336,44.0,0.0,0.0,0.0,0.0,311.0,0.0
Walla Walla,1000.2,2013.0,351.4,317.8,32.4,1.0,0.2,0.0,0.0,99.8,48.2,19.2,0.0,0.0,0.0,0.0,326.4,25.0
Wallowa,765.2,2013.0,362.6,324.4,35.4,1.8,1.0,0.0,0.0,126.0,50.6,20.2,0.0,0.0,0.0,0.0,362.6,0.0
Walworth,1047.4,2013.0,192.6,154.6,33.4,4.4,0.2,0.0,0.0,129.8,69.4,40.8,0.0,0.0,192.6,0.0,0.0,0.0
Warren,590.2222222222222,2012.888888888889,305.9259259259259,226.62962962962962,73.4074074074074,5.703703703703703,0.18518518518518517,0.0,0.0,112.77777777777777,61.333333333333336,34.333333333333336,0.0,13.185185185185185,120.62962962962963,68.77777777777777,99.0,4.333333333333333
Warrick,307.0,2013.0,201.4,143.6,50.4,6.8,0.6,0.0,0.0,127.0,77.4,44.8,0.0,0.0,181.6,19.8,0.0,0.0
Wasco,766.2,2013.0,362.8,329.8,31.6,0.8,0.6,0.0,0.0,117.8,48.6,20.4,0.0,0.0,0.0,0.0,362.8,0.0
Washington,543.6666666666666,2013.0,302.73333333333335,234.16666666666666,65.26666666666667,3.183333333333333,0.11666666666666667,0.0,0.0,114.6,61.6,39.0,0.0,0.9333333333333333,198.4,3.9,97.61666666666666,1.8833333333333333
Washoe,551.6,2013.0,365.2,178.6,169.4,10.4,1.4,0.0,5.4,586.4,84.4,51.6,0.0,18.0,239.2,0.0,79.6,28.4
Washtenaw,457.2,2013.0,350.8,260.4,83.6,6.2,0.6,0.0,0.0,128.8,69.2,40.2,0.0,0.0,251.0,0.0,99.8,0.0
Watauga,668.2,2013.0,140.2,125.8,14.2,0.0,0.2,0.0,0.0,86.2,49.8,28.0,0.0,0.0,0.0,0.0,140.2,0.0
Waukesha,1048.4,2013.0,342.2,231.2,107.2,3.6,0.2,0.0,0.0,114.6,65.6,42.0,0.0,0.0,128.0,0.0,214.0,0.2
Wayne,614.8846153846154,2012.923076923077,289.6923076923077,223.53846153846155,62.38461538461539,3.5,0.23076923076923078,0.038461538461538464,0.0,93.0,45.42307692307692,27.346153846153847,0.0,2.4615384615384617,70.5,89.3076923076923,122.57692307692308,4.846153846153846
Webb,916.0,2013.0,358.2,253.0,103.8,1.4,0.0,0.0,0.0,101.0,64.0,41.4,1.0,0.0,98.6,0.0,250.8,7.8
Weber,931.6,2013.0,365.2,205.2,138.8,18.6,2.6,0.0,0.0,168.6,88.8,48.4,0.0,31.8,218.6,0.0,109.4,5.4
Weld,135.6,2013.0,365.2,225.2,128.8,10.8,0.4,0.0,0.0,137.8,83.0,46.4,3.0,0.0,332.8,0.0,28.0,1.4
West Baton Rouge,392.0,2013.0,365.2,237.8,123.8,3.2,0.4,0.0,0.0,141.4,64.0,43.2,0.0,8.8,90.2,4.4,261.8,0.0
Westchester,624.0,2013.0,364.6,288.8,68.8,6.2,0.8,0.0,0.0,152.6,61.4,39.0,0.0,0.0,231.8,0.0,132.8,0.0
Westmoreland,804.8,2013.0,365.2,209.6,149.4,5.8,0.4,0.0,0.0,131.8,71.6,47.0,0.0,0.0,141.6,0.0,223.6,0.0
Weston,1067.2,2013.0,353.8,325.2,28.6,0.0,0.0,0.0,0.0,65.8,41.4,25.0,0.0,0.0,220.4,130.4,2.8,0.2
Wexford,459.2,2013.0,313.4,286.8,25.0,1.6,0.0,0.0,0.0,117.0,49.2,33.6,0.0,0.0,313.4,0.0,0.0,0.0
Whatcom,1001.2,2013.0,344.6,323.6,21.0,0.0,0.0,0.0,0.0,80.4,44.0,27.2,0.0,0.0,112.0,0.0,232.6,0.0
White,56.0,2011.0,116.0,71.0,45.0,0.0,0.0,0.0,0.0,78.0,67.0,45.0,0.0,0.0,0.0,0.0,116.0,0.0
White Pine,552.6,2013.0,356.2,263.0,87.8,5.4,0.0,0.0,0.0,116.6,67.2,44.6,0.0,0.0,350.6,0.0,5.6,0.0
Whitley,309.0,2013.0,348.2,235.8,111.6,0.8,0.0,0.0,0.0,102.0,63.8,39.4,0.0,13.4,0.0,3.6,331.2,0.0
Whitman,1002.2,2013.0,363.8,335.6,25.8,1.8,0.6,0.0,0.0,113.6,45.4,19.8,0.0,0.0,0.0,0.0,363.8,0.0
Wichita,917.5,2012.5,268.5,243.75,24.75,0.0,0.0,0.0,0.0,72.25,45.5,25.75,0.0,0.0,0.0,0.0,268.5,0.0
Wilkinson,220.2,2013.0,108.2,74.6,33.2,0.4,0.0,0.0,0.0,101.6,61.2,42.2,0.0,0.0,0.0,0.0,108.2,0.0
Will,264.8,2013.0,361.8,287.2,73.4,1.0,0.2,0.0,0.0,112.4,57.2,38.2,0.0,0.0,252.2,0.0,109.6,0.0
Williams,679.4,2013.0,364.4,289.2,63.0,8.8,3.4,0.0,0.0,175.4,63.6,26.8,0.0,0.0,111.2,176.4,55.2,21.6
Williamson,872.8,2013.0,241.2,199.8,38.6,2.8,0.0,0.0,0.0,108.2,59.2,40.4,0.0,0.0,241.2,0.0,0.0,0.0
Wilson,873.8,2013.0,240.4,192.4,43.4,4.2,0.4,0.0,0.0,115.4,65.8,41.4,0.0,0.0,240.4,0.0,0.0,0.0
Winchester City,973.0,2013.0,59.4,59.4,0.0,0.0,0.0,0.0,0.0,26.0,17.8,10.8,0.0,0.0,0.0,0.0,0.0,59.4
Windham,539.6,2013.0,205.7,190.4,13.4,1.9,0.0,0.0,0.0,87.1,38.8,22.7,0.0,0.0,158.9,0.0,46.8,0.0
Winnebago,265.8,2013.0,359.2,319.4,37.8,2.0,0.0,0.0,0.0,105.4,52.8,33.0,3.6,0.0,343.8,0.0,11.8,0.0
Winona,479.0,2013.0,167.2,146.6,20.4,0.2,0.0,0.0,0.0,79.0,49.2,22.4,0.0,0.0,0.0,0.0,167.2,0.0
Wood,869.7,2013.0,285.9,232.7,49.3,3.8,0.1,0.0,0.0,121.6,63.3,38.8,0.0,0.0,195.9,55.3,34.7,0.0
Woodbury,328.2,2013.0,290.4,266.8,23.0,0.6,0.0,0.0,0.0,99.2,46.8,10.4,0.0,0.0,0.0,168.2,116.2,6.0
Worcester,431.2,2013.0,365.2,283.2,80.0,1.6,0.4,0.0,0.0,129.0,60.6,40.0,0.0,31.8,205.8,0.0,125.8,1.8
Wright,480.0,2013.0,359.6,294.4,64.8,0.4,0.0,0.0,0.0,99.8,56.6,36.4,0.0,0.0,152.4,0.0,207.2,0.0
Wyandotte,341.0,2013.0,364.2,204.2,154.8,5.0,0.2,0.0,0.0,123.6,72.4,47.8,0.4,18.0,112.6,13.8,215.4,4.0
Wythe,974.0,2013.0,205.8,180.0,25.2,0.6,0.0,0.0,0.0,96.2,54.8,41.2,0.0,0.0,205.8,0.0,0.0,0.0
Yakima,1003.2,2013.0,364.6,249.0,102.6,9.6,3.4,0.0,0.0,163.8,75.4,33.8,0.0,0.0,0.0,0.0,357.0,7.6
Yalobusha,491.0,2013.0,335.4,319.2,15.8,0.4,0.0,0.0,0.0,97.4,46.2,33.6,0.0,0.0,335.4,0.0,0.0,0.0
Yamhill,786.0,2011.0,181.0,173.0,8.0,0.0,0.0,0.0,0.0,90.0,37.0,14.0,0.0,0.0,0.0,0.0,181.0,0.0
Yancey,670.2,2013.0,197.4,135.0,60.8,1.4,0.2,0.0,0.0,115.4,68.0,48.0,0.0,0.0,197.4,0.0,0.0,0.0
Yavapai,37.0,2013.0,278.8,204.4,70.6,3.8,0.0,0.0,0.0,115.8,70.6,43.6,0.0,0.0,236.4,0.0,41.0,1.4
Yellowstone,532.0,2013.0,365.2,316.0,45.6,3.4,0.2,0.0,0.0,130.2,53.6,26.8,0.6,0.0,0.0,166.4,198.2,0.0
Yolo,104.8,2013.0,365.2,248.4,112.4,4.4,0.0,0.0,0.0,113.6,69.2,44.0,0.0,2.8,233.8,0.0,128.0,0.6
York,683.2666666666667,2013.0,318.06666666666666,245.86666666666667,67.66666666666667,4.4,0.13333333333333333,0.0,0.0,126.13333333333334,60.2,39.93333333333333,0.0,2.6666666666666665,222.8,30.0,62.53333333333333,0.06666666666666667
Yukon-Koyukuk ,25.0,2013.0,101.2,100.0,1.2,0.0,0.0,0.0,0.0,59.8,12.8,4.6,0.0,0.0,0.0,0.0,101.2,0.0
Yuma,38.0,2013.0,364.8,243.2,105.4,14.4,1.0,0.6,0.2,278.4,81.6,44.0,0.0,0.0,190.0,0.0,25.4,149.4
